id	pdb	chain	class	rdb_regions	ecod_domains
1a0rB	1a0r	B	IV.4	1	1
1a0tP	1a0t	P	IV.2	1	1
1a0tQ	1a0t	Q	IV.2	1	1
1a12A	1a12	A	IV.8	1	1
1a12B	1a12	B	IV.8	1	1
1a12C	1a12	C	IV.8	1	1
1a17A	1a17	A	III.3	1	1
1a18A	1a18	A	IV.2	1	1
1a1fA	1a1f	A	V.3	1	3
1a1gA	1a1g	A	V.3	1	3
1a1hA	1a1h	A	V.3	1	3
1a1iA	1a1i	A	V.3	1	3
1a1jA	1a1j	A	V.3	1	3
1a1kA	1a1k	A	V.3	1	3
1a1lA	1a1l	A	V.3	1	3
1a2nA	1a2n	A	IV.5	1	2
1a4yA	1a4y	A	III.2	1	1
1a4yD	1a4y	D	III.2	1	1
1a9nC	1a9n	C	III.2	1	1
1alaA	1ala	A	V.1	1	4
1anxB	1anx	B	V.1	1	4
1aofA	1aof	A	IV.4	1	2
1aofB	1aof	B	IV.8	1	2
1aomA	1aom	A	IV.4	1	1
1aomB	1aom	B	IV.8	1	2
1aoqB	1aoq	B	IV.8	1	2
1ap7A	1ap7	A	III.3	1	1
1avuA	1avu	A	IV.3	1	1
1avwB	1avw	B	IV.3	1	1
1aw1E	1aw1	E	IV.1	1	1
1aw1G	1aw1	G	IV.1	1	1
1aw1J	1aw1	J	IV.1	1	1
1aw1K	1aw1	K	IV.1	1	1
1aw2E	1aw2	E	IV.1	1	1
1aw2K	1aw2	K	IV.1	1	1
1awcB	1awc	B	III.3	1	1
1b3uA	1b3u	A	III.3	1	1
1b3uB	1b3u	B	III.3	1	1
1b5tA	1b5t	A	IV.1	1	1
1b5tB	1b5t	B	IV.1	1	1
1b5tC	1b5t	C	IV.1	1	1
1b89A	1b89	A	III.3	1	1
1b9tA	1b9t	A	IV.4	1	1
1b9xA	1b9x	A	IV.4	1	1
1b9yA	1b9y	A	IV.4	1	1
1ba7A	1ba7	A	IV.3	1	1
1bcwA	1bcw	A	V.1	1	4
1bd8A	1bd8	A	III.3	1	1
1bheA	1bhe	A	III.1	1	1
1bi7B	1bi7	B	III.3	1	1
1bi8B	1bi8	B	III.3	1	1
1bi8D	1bi8	D	III.3	1	1
1bihB	1bih	B	V.5	1	4
1bk5A	1bk5	A	III.3	1	1
1bk5B	1bk5	B	III.3	1	1
1bk6A	1bk6	A	III.3	1	1
1bk6B	1bk6	B	III.3	1	1
1bksA	1bks	A	IV.1	1	1
1blxB	1blx	B	III.3	1	1
1bn8A	1bn8	A	III.1	1	1
1bpoB	1bpo	B	III.3	2	2
1bpoC	1bpo	C	III.3	2	2
1bqcA	1bqc	A	IV.1	1	1
1bu9A	1bu9	A	III.3	1	1
1bwyA	1bwy	A	IV.2	1	1
1c1zA	1c1z	A	V.2	1	5
1c5kA	1c5k	A	IV.4	1	2
1c9iA	1c9i	A	IV.4	1	2
1c9iB	1c9i	B	IV.4	1	2
1c9lA	1c9l	A	IV.4	1	2
1c9lB	1c9l	B	IV.4	1	2
1crzA	1crz	A	IV.4	1	2
1cvmA	1cvm	A	IV.4	1	1
1cwvA	1cwv	A	V.4	1	5
1czfA	1czf	A	III.1	1	1
1czfB	1czf	B	III.1	1	1
1d0bA	1d0b	A	III.2	1	2
1d2pA	1d2p	A	V.5	1	4
1d8dA	1d8d	A	III.3	1	1
1d8eA	1d8e	A	III.3	1	1
1dabA	1dab	A	III.1	1	1
1dbgA	1dbg	A	III.1	1	1
1dceA	1dce	A	III.2	2	3
1dcqA	1dcq	A	III.3	1	2
1dfjI	1dfj	I	III.2	1	1
1dl3A	1dl3	A	IV.1	1	1
1dl3B	1dl3	B	IV.1	1	1
1dlgA	1dlg	A	IV.5	1	2
1dlgB	1dlg	B	IV.5	1	2
1dm5B	1dm5	B	V.1	1	4
1dm5F	1dm5	F	V.1	1	4
1dvjA	1dvj	A	IV.1	1	1
1dvjB	1dvj	B	IV.1	1	1
1dvjC	1dvj	C	IV.1	1	1
1dvjD	1dvj	D	IV.1	1	1
1dx5K	1dx5	K	V.2	1	3
1dy7A	1dy7	A	IV.8	1	1
1e1aA	1e1a	A	IV.4	1	1
1e8nA	1e8n	A	IV.8	1	2
1ea0A	1ea0	A	III.1	2	5
1ee4A	1ee4	A	III.3	1	1
1ee4B	1ee4	B	III.3	1	1
1ee5A	1ee5	A	III.3	1	1
1ee6A	1ee6	A	III.1	1	1
1eixC	1eix	C	IV.1	1	1
1ejcA	1ejc	A	IV.5	1	2
1ejdA	1ejd	A	IV.5	1	2
1ejdB	1ejd	B	IV.5	1	2
1ejlI	1ejl	I	III.3	1	1
1ejyI	1ejy	I	III.3	1	1
1elkA	1elk	A	III.3	1	1
1elwA	1elw	A	III.3	1	1
1erjA	1erj	A	IV.4	1	1
1erjB	1erj	B	IV.4	1	1
1erjC	1erj	C	IV.4	1	1
1euaA	1eua	A	IV.1	1	1
1euaB	1eua	B	IV.1	1	1
1euaC	1eua	C	IV.1	1	1
1eunA	1eun	A	IV.1	1	1
1eunB	1eun	B	IV.1	1	1
1eunC	1eun	C	IV.1	1	1
1ewwA	1eww	A	III.1	1	1
1eynA	1eyn	A	IV.5	1	2
1ezgA	1ezg	A	III.1	1	1
1f6pA	1f6p	A	IV.1	1	1
1f73D	1f73	D	IV.1	1	1
1f9cA	1f9c	A	IV.1	1	2
1fblA	1fbl	A	IV.4	1	2
1fchA	1fch	A	III.3	1	1
1fchB	1fch	B	III.3	1	1
1fdzB	1fdz	B	IV.1	1	1
1fj1E	1fj1	E	III.5	1	1
1fj1F	1fj1	F	III.5	1	1
1fn0A	1fn0	A	IV.3	1	1
1fnfA	1fnf	A	V.4	1	4
1fnhA	1fnh	A	V.4	1	3
1fppA	1fpp	A	III.3	1	1
1fq0A	1fq0	A	IV.1	1	1
1fq0B	1fq0	B	IV.1	1	1
1fq0C	1fq0	C	IV.1	2	1
1fqvA	1fqv	A	III.2	1	2
1fqvC	1fqv	C	III.2	1	2
1fqvE	1fqv	E	III.2	1	2
1fqvG	1fqv	G	III.2	1	2
1fqvI	1fqv	I	III.2	1	2
1fqvK	1fqv	K	III.2	1	2
1fqvM	1fqv	M	III.2	1	2
1fqvO	1fqv	O	III.2	1	2
1fs2A	1fs2	A	III.2	1	2
1fs2C	1fs2	C	III.2	1	2
1ft1A	1ft1	A	III.3	1	1
1ft2A	1ft2	A	III.3	1	1
1ft4A	1ft4	A	V.2	1	3
1fwrA	1fwr	A	IV.1	1	1
1fwrB	1fwr	B	IV.1	1	1
1fwrC	1fwr	C	IV.1	1	1
1fxjB	1fxj	B	III.1	1	2
1g3jA	1g3j	A	III.3	1	1
1g3jC	1g3j	C	III.3	1	1
1g3nB	1g3n	B	III.3	1	1
1g3nF	1g3n	F	III.3	1	1
1g40A	1g40	A	V.2	1	4
1g40B	1g40	B	V.2	1	4
1g4eB	1g4e	B	IV.1	1	1
1g4pA	1g4p	A	IV.1	1	1
1g4pB	1g4p	B	IV.1	1	1
1g4sA	1g4s	A	IV.1	1	1
1g4tB	1g4t	B	IV.1	1	1
1g61A	1g61	A	IV.7	1	1
1g61B	1g61	B	IV.7	1	1
1g62A	1g62	A	IV.7	1	1
1g6cA	1g6c	A	IV.1	1	1
1g6sA	1g6s	A	IV.5	1	2
1g6tA	1g6t	A	IV.5	1	2
1g9uA	1g9u	A	III.1	1	1
1gcjA	1gcj	A	III.3	1	1
1gcjB	1gcj	B	III.3	1	1
1geqA	1geq	A	IV.1	1	1
1geqB	1geq	B	IV.1	1	1
1gfnA	1gfn	A	IV.2	1	1
1gg2B	1gg2	B	IV.4	1	1
1gh7A	1gh7	A	V.5	1	4
1gh7B	1gh7	B	V.3	1	4
1go8P	1go8	P	III.1	1	2
1gotB	1got	B	IV.4	1	1
1gp2B	1gp2	B	IV.4	1	1
1gq1A	1gq1	A	IV.8	1	2
1gq8A	1gq8	A	III.1	1	1
1gvmA	1gvm	A	III.4	1	1
1gvmB	1gvm	B	III.4	1	1
1gvmC	1gvm	C	III.4	1	1
1gvmD	1gvm	D	III.4	1	1
1gvmE	1gvm	E	III.4	1	1
1gvmF	1gvm	F	III.4	1	1
1gwbA	1gwb	A	III.1	1	1
1gwbB	1gwb	B	III.1	1	1
1gxrA	1gxr	A	IV.4	1	1
1gxrB	1gxr	B	IV.4	1	1
1gyeB	1gye	B	IV.8	1	1
1gyhB	1gyh	B	IV.4	1	1
1gyhD	1gyh	D	IV.4	1	1
1gyhF	1gyh	F	IV.4	1	1
1gzjA	1gzj	A	IV.1	1	1
1gzjB	1gzj	B	IV.1	1	1
1h09A	1h09	A	III.4	2	2
1h11A	1h11	A	IV.1	1	1
1h1nA	1h1n	A	IV.1	1	1
1h1nB	1h1n	B	IV.1	1	1
1h1yB	1h1y	B	IV.1	1	1
1h1zB	1h1z	B	IV.1	1	1
1h2jA	1h2j	A	IV.1	1	1
1h2vC	1h2v	C	III.3	3	3
1h2xA	1h2x	A	IV.8	1	2
1h2zA	1h2z	A	IV.8	1	2
1h3iA	1h3i	A	III.5	2	2
1h3iB	1h3i	B	III.5	2	2
1h4iA	1h4i	A	IV.8	1	1
1h4iC	1h4i	C	IV.8	1	1
1h4jC	1h4j	C	IV.8	1	1
1h4jE	1h4j	E	IV.8	1	1
1h4jG	1h4j	G	IV.8	1	1
1h5vA	1h5v	A	IV.1	1	1
1h6lA	1h6l	A	IV.4	1	1
1h6tA	1h6t	A	III.2	1	3
1h6uA	1h6u	A	III.2	1	3
1h80B	1h80	B	III.1	1	1
1h88C	1h88	C	V.1	1	3
1h8gA	1h8g	A	III.4	1	1
1h8gB	1h8g	B	III.4	1	1
1h9xB	1h9x	B	IV.8	1	2
1h9yA	1h9y	A	IV.8	1	2
1hakA	1hak	A	V.1	1	4
1hcmB	1hcm	B	IV.4	1	2
1hcxA	1hcx	A	III.4	1	1
1hcxB	1hcx	B	III.4	1	1
1hf2B	1hf2	B	III.1	1	2
1hg8A	1hg8	A	III.1	1	1
1hj3A	1hj3	A	IV.8	1	2
1hj5A	1hj5	A	IV.8	1	2
1hm0B	1hm0	B	III.1	1	2
1hm8A	1hm8	A	III.1	1	2
1hm8B	1hm8	B	III.1	1	2
1hm9A	1hm9	A	III.1	1	2
1hm9B	1hm9	B	III.1	1	2
1hmrA	1hmr	A	IV.2	1	1
1ho8A	1ho8	A	III.3	1	1
1hs6A	1hs6	A	III.3	1	3
1hu3A	1hu3	A	III.3	1	1
1hv9A	1hv9	A	III.1	2	2
1hv9B	1hv9	B	III.1	1	2
1hw6A	1hw6	A	IV.1	1	1
1hxnA	1hxn	A	IV.4	1	1
1hzuA	1hzu	A	IV.8	1	2
1hzvA	1hzv	A	IV.4	1	2
1i2mB	1i2m	B	IV.8	1	1
1i3qH	1i3q	H	IV.2	1	1
1i4nA	1i4n	A	IV.1	1	1
1i4nB	1i4n	B	IV.1	1	1
1i7wA	1i7w	A	III.3	1	1
1i7wC	1i7w	C	III.3	1	1
1i7xA	1i7x	A	III.3	1	1
1i7xC	1i7x	C	III.3	1	1
1ia5A	1ia5	A	III.1	1	1
1ialA	1ial	A	III.3	1	1
1ib2A	1ib2	A	III.3	1	1
1ib4A	1ib4	A	III.1	1	1
1ib4B	1ib4	B	III.1	1	1
1ibrB	1ibr	B	III.3	1	1
1ibrD	1ibr	D	III.3	1	1
1idjA	1idj	A	III.1	1	1
1idkA	1idk	A	III.1	1	1
1igrA	1igr	A	III.2	3	3
1ihbA	1ihb	A	III.3	1	1
1ihbB	1ihb	B	III.3	1	1
1ijqA	1ijq	A	IV.4	1	2
1ijqB	1ijq	B	IV.4	1	2
1iknD	1ikn	D	III.3	1	1
1ingB	1ing	B	IV.4	1	1
1inhA	1inh	A	IV.4	1	1
1invA	1inv	A	IV.4	1	1
1inxA	1inx	A	IV.4	1	1
1io0A	1io0	A	III.2	1	1
1iq1C	1iq1	C	III.3	1	1
1iswB	1isw	B	IV.1	2	2
1iubA	1iub	A	IV.4	1	1
1iucA	1iuc	A	IV.4	1	1
1ivcA	1ivc	A	IV.4	1	1
1ivdA	1ivd	A	IV.4	1	1
1ivgA	1ivg	A	IV.4	1	1
1ivgB	1ivg	B	IV.4	1	1
1ivoA	1ivo	A	III.2	3	3
1ivoB	1ivo	B	III.2	3	3
1ixoB	1ixo	B	IV.1	1	1
1ixvA	1ixv	A	III.3	1	1
1j2eB	1j2e	B	IV.4	1	2
1j2wA	1j2w	A	IV.1	1	1
1j2wB	1j2w	B	IV.1	1	1
1j2wC	1j2w	C	IV.1	1	1
1j2wD	1j2w	D	IV.1	1	1
1j2zA	1j2z	A	III.1	1	1
1j4sD	1j4s	D	IV.10	1	1
1j4tA	1j4t	A	IV.10	1	1
1j4tB	1j4t	B	IV.10	1	1
1j4tC	1j4t	C	IV.10	1	1
1j4tD	1j4t	D	IV.10	1	1
1j4tF	1j4t	F	IV.10	1	1
1j4tG	1j4t	G	IV.10	1	1
1j4tH	1j4t	H	IV.10	1	1
1j4uB	1j4u	B	IV.10	1	1
1j4uC	1j4u	C	IV.10	1	1
1j4uD	1j4u	D	IV.10	1	1
1j6oA	1j6o	A	IV.1	1	1
1jcjA	1jcj	A	IV.1	1	1
1jcmP	1jcm	P	IV.1	1	1
1jcqA	1jcq	A	III.3	1	1
1jcrA	1jcr	A	III.3	1	1
1jcsA	1jcs	A	III.3	1	1
1jdhA	1jdh	A	III.3	1	1
1jjjA	1jjj	A	IV.2	1	1
1jjuB	1jju	B	IV.4	1	1
1jjxA	1jjx	A	IV.2	1	1
1jl5A	1jl5	A	III.2	1	1
1jofA	1jof	A	IV.4	1	1
1jofB	1jof	B	IV.4	1	1
1jofC	1jof	C	IV.4	1	1
1jofD	1jof	D	IV.4	1	1
1jofE	1jof	E	IV.4	1	1
1jofF	1jof	F	IV.4	1	1
1jofG	1jof	G	IV.4	1	1
1jofH	1jof	H	IV.4	1	1
1jppB	1jpp	B	III.3	1	1
1jpwA	1jpw	A	III.3	1	1
1jpwB	1jpw	B	III.3	1	1
1jpwC	1jpw	C	III.3	1	1
1jrgA	1jrg	A	III.1	1	1
1jrgB	1jrg	B	III.1	1	1
1jtdB	1jtd	B	IV.8	1	1
1k1aA	1k1a	A	III.3	1	1
1k1bA	1k1b	A	III.3	1	1
1k28A	1k28	A	III.1	1	3
1k3zD	1k3z	D	III.3	1	1
1k5cA	1k5c	A	III.1	1	1
1k5dC	1k5d	C	III.2	1	1
1k5dF	1k5d	F	III.2	1	1
1k5dI	1k5d	I	III.2	1	1
1k5dL	1k5d	L	III.2	1	1
1k5gC	1k5g	C	III.2	1	1
1k5gF	1k5g	F	III.2	1	1
1k5gI	1k5g	I	III.2	1	1
1k5gL	1k5g	L	III.2	1	1
1k7uA	1k7u	A	V.3	1	4
1k8fB	1k8f	B	III.1	1	1
1k8kC	1k8k	C	IV.4	1	1
1kapP	1kap	P	III.1	1	2
1kgtA	1kgt	A	III.1	1	2
1klyA	1kly	A	IV.1	1	1
1klzA	1klz	A	IV.1	1	1
1km0A	1km0	A	IV.1	1	1
1km0B	1km0	B	IV.1	1	1
1km0C	1km0	C	IV.1	1	1
1km1B	1km1	B	IV.1	1	1
1km3A	1km3	A	IV.1	1	1
1km4A	1km4	A	IV.1	1	1
1km5A	1km5	A	IV.1	1	1
1kmoA	1kmo	A	IV.2	1	2
1kmpA	1kmp	A	IV.2	1	2
1knlA	1knl	A	IV.9	1	1
1knmA	1knm	A	IV.9	1	1
1kohD	1koh	D	III.2	1	1
1kooA	1koo	A	III.2	1	2
1kooB	1koo	B	III.2	1	1
1kooC	1koo	C	III.2	1	2
1kooD	1koo	D	III.2	1	1
1krrA	1krr	A	III.1	1	1
1krrC	1krr	C	III.1	1	1
1krvB	1krv	B	III.1	1	1
1krvC	1krv	C	III.1	1	1
1ktwA	1ktw	A	III.1	1	1
1ktwB	1ktw	B	III.1	1	1
1kv8A	1kv8	A	IV.1	1	1
1kv8B	1kv8	B	IV.1	1	1
1kw1A	1kw1	A	IV.1	1	1
1kw1B	1kw1	B	IV.1	1	1
1kzoA	1kzo	A	III.3	1	1
1kzpA	1kzp	A	III.3	1	1
1l0sA	1l0s	A	III.1	1	1
1l0sC	1l0s	C	III.1	1	1
1l0sD	1l0s	D	III.1	1	1
1l2uA	1l2u	A	IV.1	1	1
1l3wA	1l3w	A	V.5	1	5
1l6wF	1l6w	F	IV.1	1	1
1lbmA	1lbm	A	IV.1	1	1
1ld7A	1ld7	A	III.3	1	1
1ld8A	1ld8	A	III.3	1	1
1ldkA	1ldk	A	III.3	1	1
1lf8A	1lf8	A	III.3	1	1
1lf8B	1lf8	B	III.3	1	1
1lf8C	1lf8	C	III.3	1	1
1lf8D	1lf8	D	III.3	1	1
1libA	1lib	A	IV.2	1	1
1llwA	1llw	A	III.1	2	5
1llzA	1llz	A	III.1	2	5
1lm1A	1lm1	A	III.1	2	5
1lolA	1lol	A	IV.1	1	1
1loqA	1loq	A	IV.1	1	1
1lorA	1lor	A	IV.1	1	1
1losD	1los	D	IV.1	1	1
1lrtC	1lrt	C	IV.1	1	1
1lrvA	1lrv	A	III.3	1	1
1ltxA	1ltx	A	III.2	2	3
1lujA	1luj	A	III.3	1	1
1lvaA	1lva	A	V.3	1	4
1lwuI	1lwu	I	II.2	1	1
1lwuL	1lwu	L	II.2	1	1
1m0zA	1m0z	A	III.1	1	1
1m0zB	1m0z	B	III.1	1	1
1m10B	1m10	B	III.2	1	1
1m1eA	1m1e	A	III.3	1	1
1m1xA	1m1x	A	IV.4	2	4
1m6bA	1m6b	A	III.2	4	4
1m6bB	1m6b	B	III.2	4	4
1m8nA	1m8n	A	III.1	1	1
1m8nB	1m8n	B	III.1	1	1
1m8nC	1m8n	C	III.1	1	1
1m8nD	1m8n	D	III.1	1	1
1m8wA	1m8w	A	III.3	1	1
1m8wB	1m8w	B	III.3	1	1
1m8xA	1m8x	A	III.3	1	1
1m8xB	1m8x	B	III.3	1	1
1m8yA	1m8y	A	III.3	1	1
1m8yB	1m8y	B	III.3	1	1
1m8zA	1m8z	A	III.3	1	1
1m9hA	1m9h	A	IV.1	1	1
1m9lA	1m9l	A	III.2	1	1
1m9sA	1m9s	A	III.2	1	6
1mcoH	1mco	H	V.5	1	4
1mdaH	1mda	H	IV.4	1	1
1mg2A	1mg2	A	IV.4	1	1
1mg2E	1mg2	E	IV.4	1	1
1mg2I	1mg2	I	IV.4	1	1
1mg2M	1mg2	M	IV.4	1	1
1mg3A	1mg3	A	IV.4	1	1
1mg3E	1mg3	E	IV.4	1	1
1mg3I	1mg3	I	IV.4	1	1
1mg3M	1mg3	M	IV.4	1	1
1mi4A	1mi4	A	IV.5	1	2
1mj0A	1mj0	A	III.3	1	1
1moxA	1mox	A	III.2	3	3
1moxB	1mox	B	III.2	3	3
1mpfA	1mpf	A	IV.2	1	1
1mr7A	1mr7	A	III.1	1	1
1mx2A	1mx2	A	III.3	1	1
1mx2B	1mx2	B	III.3	1	1
1mx4A	1mx4	A	III.3	1	1
1mx4B	1mx4	B	III.3	1	1
1mx6A	1mx6	A	III.3	1	1
1mx6B	1mx6	B	III.3	1	1
1mxsA	1mxs	A	IV.1	1	1
1myoA	1myo	A	III.3	1	1
1mzcA	1mzc	A	III.3	1	1
1mzhA	1mzh	A	IV.1	1	1
1mzhB	1mzh	B	IV.1	1	1
1mzrB	1mzr	B	IV.1	1	1
1n11A	1n11	A	III.3	1	1
1n4iA	1n4i	A	III.1	1	1
1n4pA	1n4p	A	III.3	1	1
1n4pC	1n4p	C	III.3	1	1
1n4pE	1n4p	E	III.3	1	1
1n4pG	1n4p	G	III.3	1	1
1n4pI	1n4p	I	III.3	1	1
1n4pK	1n4p	K	III.3	1	1
1n4qA	1n4q	A	III.3	1	1
1n4qC	1n4q	C	III.3	1	1
1n4qE	1n4q	E	III.3	1	1
1n4qG	1n4q	G	III.3	1	1
1n4qI	1n4q	I	III.3	1	1
1n4qK	1n4q	K	III.3	1	1
1n4rA	1n4r	A	III.3	1	1
1n4rC	1n4r	C	III.3	1	1
1n4rE	1n4r	E	III.3	1	1
1n4rG	1n4r	G	III.3	1	1
1n4rI	1n4r	I	III.3	1	1
1n4rK	1n4r	K	III.3	1	1
1n4sA	1n4s	A	III.3	1	1
1n4sC	1n4s	C	III.3	1	1
1n4sE	1n4s	E	III.3	1	1
1n4sG	1n4s	G	III.3	1	1
1n4sI	1n4s	I	III.3	1	1
1n4sK	1n4s	K	III.3	1	1
1n6eA	1n6e	A	IV.4	2	5
1n6eK	1n6e	K	IV.4	2	5
1n7dA	1n7d	A	IV.4	2	10
1n7kA	1n7k	A	IV.1	1	1
1n7vA	1n7v	A	IV.8	1	2
1n94A	1n94	A	III.3	1	1
1n95A	1n95	A	III.3	1	1
1n9aA	1n9a	A	III.3	1	1
1na0A	1na0	A	III.3	1	1
1na0B	1na0	B	III.3	1	1
1nawA	1naw	A	IV.5	1	2
1nawB	1naw	B	IV.5	1	2
1nfiE	1nfi	E	III.3	1	1
1nfiF	1nfi	F	III.3	1	1
1nhcA	1nhc	A	III.1	1	1
1nhcB	1nhc	B	III.1	1	1
1nhcD	1nhc	D	III.1	1	1
1nhcE	1nhc	E	III.1	1	1
1nhcF	1nhc	F	III.1	1	1
1ni1A	1ni1	A	III.3	1	1
1nl4A	1nl4	A	III.3	1	1
1npeA	1npe	A	IV.4	1	1
1npeB	1npe	B	V.2	1	3
1nqeA	1nqe	A	IV.2	1	2
1nqfA	1nqf	A	IV.2	1	2
1nqgA	1nqg	A	IV.2	1	2
1nqlA	1nql	A	III.2	4	4
1nr0A	1nr0	A	IV.4	2	2
1nsdA	1nsd	A	IV.4	1	1
1nsjA	1nsj	A	IV.1	1	1
1nu6A	1nu6	A	IV.4	1	2
1nu6B	1nu6	B	IV.4	1	2
1nvmA	1nvm	A	IV.1	1	2
1nznA	1nzn	A	III.3	1	1
1o1rA	1o1r	A	III.3	1	1
1o1sA	1o1s	A	III.3	1	1
1o1tA	1o1t	A	III.3	1	1
1o5mA	1o5m	A	III.3	1	1
1o6oC	1o6o	C	III.3	1	1
1o6sA	1o6s	A	III.2	1	3
1o6tA	1o6t	A	III.2	1	3
1o6vA	1o6v	A	III.2	1	3
1o6vB	1o6v	B	III.2	1	3
1o88A	1o88	A	III.1	1	1
1o8gA	1o8g	A	III.1	1	1
1o8jA	1o8j	A	III.1	1	1
1o8kA	1o8k	A	III.1	1	1
1obaA	1oba	A	III.4	2	2
1ocxA	1ocx	A	III.1	1	1
1ofeB	1ofe	B	III.1	1	5
1oflA	1ofl	A	III.1	1	1
1ofmA	1ofm	A	III.1	1	1
1ofzA	1ofz	A	IV.4	1	1
1ofzB	1ofz	B	IV.4	1	1
1ogmX	1ogm	X	III.1	1	2
1ogoX	1ogo	X	III.1	1	2
1ogqA	1ogq	A	III.2	1	1
1ojvA	1ojv	A	V.2	1	4
1ojvB	1ojv	B	V.2	1	4
1ojwA	1ojw	A	V.2	1	4
1ojwB	1ojw	B	V.2	1	4
1ojxE	1ojx	E	IV.1	1	1
1ojyA	1ojy	A	V.2	1	4
1ojyB	1ojy	B	V.2	1	4
1ojyC	1ojy	C	V.2	1	4
1ojyD	1ojy	D	V.2	1	4
1ok1A	1ok1	A	V.2	1	4
1ok1B	1ok1	B	V.2	1	4
1ok2A	1ok2	A	V.2	1	4
1ok2B	1ok2	B	V.2	1	4
1ok3A	1ok3	A	V.2	1	4
1ok3B	1ok3	B	V.2	1	4
1ok6C	1ok6	C	IV.1	1	1
1ok6E	1ok6	E	IV.1	1	1
1ok6G	1ok6	G	IV.1	1	1
1ok9A	1ok9	A	V.2	1	4
1ok9B	1ok9	B	V.2	1	4
1omwB	1omw	B	IV.4	1	1
1oocA	1ooc	A	III.1	1	1
1oocB	1ooc	B	III.1	1	1
1ookG	1ook	G	III.1	1	1
1ospO	1osp	O	III.5	1	1
1ot8A	1ot8	A	III.3	1	1
1ot8B	1ot8	B	III.3	1	1
1ot8C	1ot8	C	III.3	1	1
1otmA	1otm	A	III.2	1	2
1otnA	1otn	A	III.2	1	2
1otoA	1oto	A	III.2	1	2
1ouvA	1ouv	A	III.3	1	1
1oy3D	1oy3	D	III.3	1	1
1oyzA	1oyz	A	III.3	1	1
1oznA	1ozn	A	III.2	1	1
1p53A	1p53	A	V.5	1	3
1p53B	1p53	B	V.4	1	3
1p5qA	1p5q	A	III.3	1	2
1p88A	1p88	A	IV.5	1	1
1p89A	1p89	A	IV.5	1	1
1p8tA	1p8t	A	III.1	1	1
1p8vA	1p8v	A	III.1	1	1
1p9aG	1p9a	G	III.1	1	1
1p9hA	1p9h	A	III.1	1	2
1pbyA	1pby	A	IV.2	1	5
1pbyB	1pby	B	IV.4	1	1
1pe9A	1pe9	A	III.1	1	1
1pguB	1pgu	B	IV.4	2	2
1pgvA	1pgv	A	III.2	1	1
1pjmB	1pjm	B	III.3	1	1
1pjnB	1pjn	B	III.3	1	1
1pnzA	1pnz	A	IV.2	1	2
1po0A	1po0	A	IV.2	1	2
1pxzA	1pxz	A	III.1	1	1
1q1sC	1q1s	C	III.3	1	1
1q1tC	1q1t	C	III.3	1	1
1q36A	1q36	A	IV.5	1	2
1q3gA	1q3g	A	IV.5	1	2
1q3gB	1q3g	B	IV.5	1	2
1q3gC	1q3g	C	IV.5	1	2
1q3gD	1q3g	D	IV.5	1	2
1q3gE	1q3g	E	IV.5	1	2
1q3gF	1q3g	F	IV.5	1	2
1q3gG	1q3g	G	IV.5	1	2
1q3gH	1q3g	H	IV.5	1	2
1q3gI	1q3g	I	IV.5	1	2
1q3gJ	1q3g	J	IV.5	1	2
1q3gK	1q3g	K	IV.5	1	2
1q3gL	1q3g	L	IV.5	1	2
1q3gW	1q3g	W	IV.5	1	2
1q3gX	1q3g	X	IV.5	1	2
1q3gY	1q3g	Y	IV.5	1	2
1q3gZ	1q3g	Z	IV.5	1	2
1q55A	1q55	A	V.4	1	5
1q55B	1q55	B	V.4	1	5
1q55C	1q55	C	V.4	1	5
1q55D	1q55	D	V.4	1	5
1q5aA	1q5a	A	V.4	1	5
1q5bA	1q5b	A	V.4	1	5
1q5bC	1q5b	C	V.4	1	5
1q5cA	1q5c	A	V.4	1	5
1q5cC	1q5c	C	V.4	1	5
1q6lA	1q6l	A	IV.1	1	1
1q6lB	1q6l	B	IV.1	1	1
1q6oA	1q6o	A	IV.1	1	1
1q6oB	1q6o	B	IV.1	1	1
1q6qA	1q6q	A	IV.1	1	1
1q6qB	1q6q	B	IV.1	1	1
1q6rA	1q6r	A	IV.1	1	1
1q7fA	1q7f	A	IV.4	1	1
1q7fB	1q7f	B	IV.4	1	1
1qa1A	1qa1	A	III.1	1	2
1qa2A	1qa2	A	III.1	1	2
1qbkB	1qbk	B	III.3	1	1
1qbqA	1qbq	A	III.3	1	1
1qcxA	1qcx	A	III.1	1	1
1qfgA	1qfg	A	IV.2	1	2
1qgkA	1qgk	A	III.3	1	1
1qgrA	1qgr	A	III.3	1	1
1qhuA	1qhu	A	IV.8	2	2
1qhzA	1qhz	A	IV.1	1	1
1qi0A	1qi0	A	IV.1	1	1
1qi2A	1qi2	A	IV.1	1	1
1qiuA	1qiu	A	III.4	1	2
1qiuB	1qiu	B	III.4	1	2
1qiuC	1qiu	C	III.4	1	2
1qiuD	1qiu	D	III.4	1	2
1qiuE	1qiu	E	III.4	1	2
1qiuF	1qiu	F	III.4	1	2
1qj8A	1qj8	A	IV.2	1	1
1qjvA	1qjv	A	III.1	1	1
1qksA	1qks	A	IV.4	1	2
1qksB	1qks	B	IV.4	1	2
1qniA	1qni	A	IV.8	1	2
1qniE	1qni	E	IV.8	1	2
1qniF	1qni	F	IV.8	1	2
1qo2A	1qo2	A	IV.1	1	1
1qq1A	1qq1	A	III.1	1	2
1qqeA	1qqe	A	III.3	1	1
1qrbA	1qrb	A	III.1	1	2
1qreA	1qre	A	III.1	1	1
1qrlA	1qrl	A	III.1	1	1
1qrmA	1qrm	A	III.1	1	1
1qubA	1qub	A	V.2	1	5
1qwgA	1qwg	A	IV.1	1	1
1qymA	1qym	A	III.3	1	1
1qyyA	1qyy	A	III.1	1	1
1qyyG	1qyy	G	III.2	1	1
1qz7A	1qz7	A	III.3	1	1
1r5mA	1r5m	A	IV.4	1	1
1r9nD	1r9n	D	IV.4	1	2
1rd5A	1rd5	A	IV.1	1	1
1rf4A	1rf4	A	IV.5	1	2
1rf4B	1rf4	B	IV.5	1	2
1rf4C	1rf4	C	IV.5	1	2
1rf4D	1rf4	D	IV.5	1	2
1rf5A	1rf5	A	IV.5	1	2
1rf5B	1rf5	B	IV.5	1	2
1rf5C	1rf5	C	IV.5	1	2
1rf5D	1rf5	D	IV.5	1	2
1rf6A	1rf6	A	IV.5	1	2
1rf6B	1rf6	B	IV.5	1	2
1rf6C	1rf6	C	IV.5	1	2
1rf6D	1rf6	D	IV.5	1	2
1ri6A	1ri6	A	IV.4	1	1
1rmgA	1rmg	A	III.1	1	1
1rpxA	1rpx	A	IV.1	1	1
1rpxB	1rpx	B	IV.1	1	1
1rpxC	1rpx	C	IV.1	1	1
1ru4A	1ru4	A	III.1	1	1
1rwiA	1rwi	A	IV.8	1	1
1rwiB	1rwi	B	IV.8	1	1
1rwlA	1rwl	A	IV.8	1	1
1rwrA	1rwr	A	III.1	1	1
1rywA	1ryw	A	IV.5	1	2
1rywB	1ryw	B	IV.5	1	2
1rywC	1ryw	C	IV.5	1	2
1rywD	1ryw	D	IV.5	1	2
1rywE	1ryw	E	IV.5	1	2
1rywF	1ryw	F	IV.5	1	2
1rywG	1ryw	G	IV.5	1	2
1rywH	1ryw	H	IV.5	1	2
1rz4A	1rz4	A	III.3	1	2
1s18A	1s18	A	IV.4	1	1
1s1dB	1s1d	B	IV.4	1	1
1s4uX	1s4u	X	IV.4	1	1
1s5wA	1s5w	A	IV.1	1	1
1s63A	1s63	A	III.3	1	1
1s64A	1s64	A	III.3	1	1
1s64C	1s64	C	III.3	1	1
1s64E	1s64	E	III.3	1	1
1s64G	1s64	G	III.3	1	1
1s64I	1s64	I	III.3	1	1
1s64K	1s64	K	III.3	1	1
1s70B	1s70	B	III.3	2	1
1s78A	1s78	A	III.2	4	4
1sa4A	1sa4	A	III.3	1	1
1sa5A	1sa5	A	III.3	1	1
1sa8A	1sa8	A	IV.2	1	1
1sfjB	1sfj	B	IV.1	1	1
1slyA	1sly	A	III.3	1	2
1so3A	1so3	A	IV.1	1	1
1so3B	1so3	B	IV.1	1	1
1so4A	1so4	A	IV.1	1	1
1so4B	1so4	B	IV.1	1	1
1so5A	1so5	A	IV.1	1	1
1so5B	1so5	B	IV.1	1	1
1so6A	1so6	A	IV.1	1	1
1so6B	1so6	B	IV.1	1	1
1so7A	1so7	A	IV.8	1	1
1spqA	1spq	A	IV.1	1	1
1sq9A	1sq9	A	IV.4	1	1
1sqjA	1sqj	A	IV.4	2	2
1sqjB	1sqj	B	IV.4	2	2
1sr4A	1sr4	A	IV.9	1	1
1ssmB	1ssm	B	III.1	1	2
1ssmC	1ssm	C	III.1	1	2
1ssmE	1ssm	E	III.1	1	2
1ssmF	1ssm	F	III.1	1	2
1sstA	1sst	A	III.1	1	2
1sstB	1sst	B	III.1	1	2
1sstC	1sst	C	III.1	1	2
1st8A	1st8	A	IV.4	1	2
1svxA	1svx	A	III.3	1	1
1sw6A	1sw6	A	III.3	1	1
1szaA	1sza	A	III.3	1	1
1szaC	1sza	C	III.3	1	1
1t08A	1t08	A	III.3	1	1
1t3dB	1t3d	B	III.1	1	2
1tbgA	1tbg	A	IV.4	1	1
1tbgB	1tbg	B	IV.4	1	1
1tbgC	1tbg	C	IV.4	1	1
1tbgD	1tbg	D	IV.4	1	1
1tdqA	1tdq	A	V.4	1	3
1tdtA	1tdt	A	III.1	1	2
1tdtB	1tdt	B	III.1	1	2
1tdtC	1tdt	C	III.1	1	2
1tf6D	1tf6	D	V.1	1	5
1th1A	1th1	A	III.3	1	1
1th1B	1th1	B	III.3	1	1
1thfD	1thf	D	IV.1	1	1
1tieA	1tie	A	IV.9	1	1
1tjcA	1tjc	A	III.3	1	1
1tkkF	1tkk	F	IV.1	1	2
1tl2A	1tl2	A	IV.8	1	1
1tn6A	1tn6	A	III.3	1	1
1tn7A	1tn7	A	III.3	1	1
1tn8A	1tn8	A	III.3	1	1
1tnbA	1tnb	A	III.3	1	1
1tnbC	1tnb	C	III.3	1	1
1tnbE	1tnb	E	III.3	1	1
1tnbG	1tnb	G	III.3	1	1
1tnbI	1tnb	I	III.3	1	1
1tnbK	1tnb	K	III.3	1	1
1tnoA	1tno	A	III.3	1	1
1tnoC	1tno	C	III.3	1	1
1tnoE	1tno	E	III.3	1	1
1tnoG	1tno	G	III.3	1	1
1tnoI	1tno	I	III.3	1	1
1tnoK	1tno	K	III.3	1	1
1tnrR	1tnr	R	V.2	1	3
1tnuA	1tnu	A	III.3	1	1
1tnuC	1tnu	C	III.3	1	1
1tnuE	1tnu	E	III.3	1	1
1tnuG	1tnu	G	III.3	1	1
1tnuI	1tnu	I	III.3	1	1
1tnuK	1tnu	K	III.3	1	1
1tnyA	1tny	A	III.3	1	1
1tnyC	1tny	C	III.3	1	1
1tnyE	1tny	E	III.3	1	1
1tnyG	1tny	G	III.3	1	1
1tnyI	1tny	I	III.3	1	1
1tnyK	1tny	K	III.3	1	1
1tnzA	1tnz	A	III.3	1	1
1tnzC	1tnz	C	III.3	1	1
1tnzE	1tnz	E	III.3	1	1
1tnzG	1tnz	G	III.3	1	1
1tnzI	1tnz	I	III.3	1	1
1tnzK	1tnz	K	III.3	1	1
1tqjA	1tqj	A	IV.1	1	1
1tqjB	1tqj	B	IV.1	1	1
1tqjC	1tqj	C	IV.1	1	1
1tqjD	1tqj	D	IV.1	1	1
1tqjE	1tqj	E	IV.1	1	1
1tqjF	1tqj	F	IV.1	1	1
1tqxA	1tqx	A	IV.1	1	1
1tqxB	1tqx	B	IV.1	1	1
1tr4A	1tr4	A	III.3	1	1
1tspA	1tsp	A	III.1	1	2
1tyeA	1tye	A	IV.8	1	1
1tyeC	1tye	C	IV.8	1	1
1tyeE	1tye	E	IV.4	1	1
1tyqC	1tyq	C	IV.4	1	1
1tywA	1tyw	A	III.1	1	2
1tyxA	1tyx	A	III.1	1	2
1u2vC	1u2v	C	IV.4	1	1
1u4cA	1u4c	A	IV.4	1	1
1u4cB	1u4c	B	IV.4	1	1
1u6dX	1u6d	X	IV.4	1	1
1u6gC	1u6g	C	III.3	1	1
1u83A	1u83	A	IV.1	1	1
1uaeA	1uae	A	IV.5	2	2
1ubsA	1ubs	A	IV.1	1	1
1uklA	1ukl	A	III.3	2	1
1un0A	1un0	A	III.3	1	1
1un0B	1un0	B	III.3	1	1
1uohA	1uoh	A	III.3	1	1
1uooA	1uoo	A	IV.8	1	2
1uopA	1uop	A	IV.8	1	2
1uoqA	1uoq	A	IV.8	1	2
1upkA	1upk	A	III.3	1	1
1uplA	1upl	A	III.3	1	1
1uplB	1upl	B	III.3	1	1
1uw4B	1uw4	B	III.3	1	1
1uypA	1uyp	A	IV.4	1	2
1v0eE	1v0e	E	IV.4	1	4
1v0zC	1v0z	C	IV.4	1	1
1v0zD	1v0z	D	IV.4	1	1
1v18A	1v18	A	III.3	1	1
1v1hA	1v1h	A	III.4	1	1
1v1hB	1v1h	B	III.4	1	1
1v1hC	1v1h	C	III.4	1	1
1v1hD	1v1h	D	III.4	1	1
1v1hE	1v1h	E	III.4	1	1
1v1hF	1v1h	F	III.4	1	1
1v1iA	1v1i	A	III.4	1	2
1v1iB	1v1i	B	III.4	1	2
1v1iC	1v1i	C	III.4	1	2
1v3bA	1v3b	A	IV.8	1	1
1v3bB	1v3b	B	IV.8	1	1
1v3dA	1v3d	A	IV.8	1	1
1v3wA	1v3w	A	III.1	1	1
1v67A	1v67	A	III.1	1	1
1vblA	1vbl	A	III.1	1	1
1vboE	1vbo	E	IV.10	1	1
1vboH	1vbo	H	IV.10	1	1
1vbpB	1vbp	B	IV.10	1	1
1vcvB	1vcv	B	IV.1	1	1
1ve6A	1ve6	A	IV.4	1	2
1ve7A	1ve7	A	IV.4	1	2
1vkdD	1vkd	D	IV.8	1	1
1vlwA	1vlw	A	IV.1	1	1
1vlwB	1vlw	B	IV.1	1	1
1vmoA	1vmo	A	IV.10	1	1
1vmoB	1vmo	B	IV.10	1	1
1vpxF	1vpx	F	IV.1	1	1
1vpxQ	1vpx	Q	IV.1	1	1
1vpxR	1vpx	R	IV.1	1	1
1vqtA	1vqt	A	IV.1	1	1
1vyfA	1vyf	A	IV.2	1	1
1vyhC	1vyh	C	IV.4	1	1
1vyhD	1vyh	D	IV.4	1	1
1vyhG	1vyh	G	IV.4	1	1
1vyhH	1vyh	H	IV.4	1	1
1vyhK	1vyh	K	IV.4	1	1
1vyhL	1vyh	L	IV.4	1	1
1vyhO	1vyh	O	IV.4	1	1
1vyhP	1vyh	P	IV.4	1	1
1vyhS	1vyh	S	IV.4	1	1
1vyhT	1vyh	T	IV.4	1	1
1vz2A	1vz2	A	IV.8	1	2
1vz3A	1vz3	A	IV.8	1	2
1w2tC	1w2t	C	IV.4	1	2
1w3bA	1w3b	A	III.3	1	1
1w3bB	1w3b	B	III.3	1	1
1w6jA	1w6j	A	IV.6	2	2
1w6sA	1w6s	A	IV.8	1	1
1w6sC	1w6s	C	IV.8	1	1
1w8aA	1w8a	A	III.1	1	1
1w8sE	1w8s	E	IV.1	1	1
1w9cA	1w9c	A	III.3	1	1
1w9cB	1w9c	B	III.3	1	1
1wa3D	1wa3	D	IV.1	1	1
1wa5B	1wa5	B	III.3	1	1
1wbcA	1wbc	A	IV.3	1	1
1wbhC	1wbh	C	IV.1	1	1
1wd3A	1wd3	A	IV.9	1	2
1wd4A	1wd4	A	IV.9	1	2
1wdyA	1wdy	A	III.3	1	1
1wg0A	1wg0	A	III.3	1	1
1wlhA	1wlh	A	V.4	1	3
1wlhB	1wlh	B	V.4	1	3
1wm5A	1wm5	A	III.3	1	1
1wmrA	1wmr	A	III.1	1	2
1wmrB	1wmr	B	III.1	1	2
1wy6A	1wy6	A	III.3	1	1
1x0cB	1x0c	B	III.1	1	2
1x1vA	1x1v	A	IV.10	1	1
1x2jA	1x2j	A	IV.4	1	1
1x2rA	1x2r	A	IV.4	1	1
1x81A	1x81	A	III.3	1	1
1x8rA	1x8r	A	IV.5	1	2
1x8tA	1x8t	A	IV.5	1	2
1xbvA	1xbv	A	IV.1	1	1
1xbvB	1xbv	B	IV.1	1	1
1xbxA	1xbx	A	IV.1	1	1
1xbzA	1xbz	A	IV.1	1	1
1xbzB	1xbz	B	IV.1	1	1
1xeuA	1xeu	A	III.2	1	3
1xfdB	1xfd	B	IV.4	1	2
1xfdC	1xfd	C	IV.4	1	2
1xg2A	1xg2	A	III.1	1	1
1xhdA	1xhd	A	III.1	1	1
1xhmA	1xhm	A	IV.4	1	1
1xi3A	1xi3	A	IV.1	1	1
1xi3B	1xi3	B	IV.1	1	1
1xkhB	1xkh	B	IV.2	1	2
1xkuA	1xku	A	III.2	1	1
1xkyC	1xky	C	IV.1	1	1
1xm3B	1xm3	B	IV.1	1	1
1xm9A	1xm9	A	III.3	1	1
1xnfA	1xnf	A	III.3	1	1
1xnfB	1xnf	B	III.3	1	1
1xqrB	1xqr	B	III.3	1	1
1xqsA	1xqs	A	III.3	1	1
1xqsB	1xqs	B	III.3	1	1
1xuzA	1xuz	A	IV.1	1	2
1xwdC	1xwd	C	III.1	1	1
1xwdF	1xwd	F	III.1	1	1
1xwyA	1xwy	A	IV.1	1	1
1y2aC	1y2a	C	III.3	1	1
1y8eB	1y8e	B	V.2	1	4
1yadA	1yad	A	IV.1	1	1
1yadB	1yad	B	IV.1	1	1
1yadC	1yad	C	IV.1	1	1
1yadD	1yad	D	IV.1	1	1
1ybgA	1ybg	A	IV.5	1	2
1ybgB	1ybg	B	IV.5	1	2
1ybgC	1ybg	C	IV.5	1	2
1ybgD	1ybg	D	IV.5	1	2
1ybiA	1ybi	A	IV.9	2	2
1ydnD	1ydn	D	IV.1	1	1
1yifD	1yif	D	IV.4	1	2
1ympA	1ymp	A	III.3	1	1
1ympB	1ymp	B	III.3	1	1
1yp2C	1yp2	C	III.1	1	2
1yp2D	1yp2	D	III.1	1	2
1yp3C	1yp3	C	III.1	1	2
1yp3D	1yp3	D	III.1	1	2
1yrgA	1yrg	A	III.2	1	1
1yrgB	1yrg	B	III.2	1	1
1yrzA	1yrz	A	IV.4	1	2
1yvpB	1yvp	B	III.3	1	2
1yvrA	1yvr	A	III.3	1	2
1yx1B	1yx1	B	IV.1	1	1
1yxyB	1yxy	B	IV.1	1	1
1yy9A	1yy9	A	III.2	4	4
1yyhA	1yyh	A	III.3	1	1
1yyhB	1yyh	B	III.3	1	1
1z1wA	1z1w	A	III.3	1	4
1z2fA	1z2f	A	III.1	1	1
1z3hA	1z3h	A	III.3	1	1
1z3hB	1z3h	B	III.3	1	1
1z4wA	1z4w	A	IV.4	1	1
1z50A	1z50	A	IV.4	1	1
1z68A	1z68	A	IV.4	1	2
1z7xW	1z7x	W	III.2	1	1
1z7xY	1z7x	Y	III.2	1	1
1z7zI	1z7z	I	V.5	1	5
1zcoB	1zco	B	IV.1	1	1
1zdyA	1zdy	A	IV.1	1	1
1zgkA	1zgk	A	IV.4	1	1
1zhzA	1zhz	A	IV.2	1	1
1ziwA	1ziw	A	III.2	1	2
1znnB	1znn	B	IV.1	1	1
1znnD	1znn	D	IV.1	1	1
1znnE	1znn	E	IV.1	1	1
1zp3B	1zp3	B	IV.1	1	1
2a0zA	2a0z	A	III.2	1	2
2a4aA	2a4a	A	IV.1	1	1
2a4zA	2a4z	A	III.3	1	4
2a5eA	2a5e	A	III.3	1	1
2a73A	2a73	A	V.4	1	6
2aa9A	2aa9	A	IV.5	1	2
2aayA	2aay	A	IV.5	1	2
2ac1A	2ac1	A	IV.4	1	2
2ad7C	2ad7	C	IV.8	1	1
2aepA	2aep	A	IV.4	1	1
2aezA	2aez	A	IV.4	1	2
2afgA	2afg	A	IV.9	1	1
2aglA	2agl	A	IV.4	1	1
2aglB	2agl	B	IV.4	1	1
2agwA	2agw	A	IV.4	1	1
2agwB	2agw	B	IV.4	1	1
2agxA	2agx	A	IV.4	1	1
2agxB	2agx	B	IV.4	1	1
2agyA	2agy	A	IV.4	1	1
2agyB	2agy	B	IV.4	1	1
2agzA	2agz	A	IV.4	1	1
2agzB	2agz	B	IV.4	1	1
2ah0A	2ah0	A	IV.4	1	1
2ah0B	2ah0	B	IV.4	1	1
2ah1A	2ah1	A	IV.4	1	1
2ah1B	2ah1	B	IV.4	1	1
2aj8D	2aj8	D	IV.8	1	2
2ajaA	2aja	A	III.3	1	1
2ajbA	2ajb	A	IV.4	1	2
2ajbB	2ajb	B	IV.4	1	2
2aq5A	2aq5	A	IV.4	1	1
2aq9A	2aq9	A	III.1	1	1
2awiF	2awi	F	III.3	1	2
2awiI	2awi	I	III.3	1	2
2awiJ	2awi	J	III.3	1	2
2awiL	2awi	L	III.3	1	2
2axvA	2axv	A	III.3	1	2
2axzA	2axz	A	III.3	1	2
2axzC	2axz	C	III.3	1	2
2axzD	2axz	D	III.3	1	2
2b0rA	2b0r	A	III.1	1	1
2b39A	2b39	A	IV.6	2	12
2b5lA	2b5l	A	IV.4	3	4
2b5lB	2b5l	B	IV.4	3	4
2b5mA	2b5m	A	IV.4	3	4
2b5nA	2b5n	A	IV.4	1	1
2b5nD	2b5n	D	IV.4	1	1
2b6cA	2b6c	A	III.3	1	1
2b7mC	2b7m	C	III.3	1	1
2bbcA	2bbc	A	IV.6	1	2
2bbkJ	2bbk	J	IV.4	1	1
2bcjB	2bcj	B	IV.4	1	1
2bctA	2bct	A	III.3	1	1
2bdqA	2bdq	A	IV.1	1	1
2bebA	2beb	A	IV.3	1	1
2bedA	2bed	A	III.3	1	1
2bexA	2bex	A	III.2	1	1
2bexB	2bex	B	III.2	1	1
2bibA	2bib	A	III.4	1	2
2bjbA	2bjb	A	IV.5	1	2
2bkgA	2bkg	A	III.3	1	1
2bkgB	2bkg	B	III.3	1	1
2bkkB	2bkk	B	III.3	1	1
2bkkD	2bkk	D	III.3	1	1
2bkuB	2bku	B	III.3	1	1
2bleA	2ble	A	IV.1	1	1
2bmlA	2bml	A	III.4	1	1
2bmlB	2bml	B	III.4	1	1
2bmyB	2bmy	B	IV.10	1	1
2bmzB	2bmz	B	IV.10	1	1
2bn0A	2bn0	A	IV.10	1	1
2bn0B	2bn0	B	IV.10	1	1
2bnhA	2bnh	A	III.2	1	1
2bptA	2bpt	A	III.3	1	1
2bwmA	2bwm	A	IV.4	1	1
2bwrA	2bwr	A	IV.4	1	1
2c0lA	2c0l	A	III.3	1	1
2c0mA	2c0m	A	III.3	1	1
2c0mB	2c0m	B	III.3	1	1
2c0mC	2c0m	C	III.3	1	1
2c0mF	2c0m	F	III.3	1	1
2c1mA	2c1m	A	III.3	1	1
2c1tA	2c1t	A	III.3	1	1
2c1tB	2c1t	B	III.3	1	1
2c91A	2c91	A	IV.1	1	1
2c91E	2c91	E	IV.1	1	1
2c91F	2c91	F	IV.1	1	1
2c91G	2c91	G	IV.1	1	1
2c91I	2c91	I	IV.1	1	1
2c91J	2c91	J	IV.1	1	1
2ca6A	2ca6	A	III.2	1	1
2ca6B	2ca6	B	III.2	1	1
2ce9D	2ce9	D	IV.4	1	1
2clpB	2clp	B	IV.1	1	1
2clpC	2clp	C	IV.1	1	1
2clpE	2clp	E	IV.1	1	1
2clpF	2clp	F	IV.1	1	1
2clpG	2clp	G	IV.1	1	1
2clpH	2clp	H	IV.1	1	1
2clpI	2clp	I	IV.1	1	1
2clpJ	2clp	J	IV.1	1	1
2clpK	2clp	K	IV.1	1	1
2cn2C	2cn2	C	IV.4	2	2
2cn3A	2cn3	A	IV.4	2	2
2cn3B	2cn3	B	IV.4	2	2
2cnxA	2cnx	A	IV.4	1	1
2co0A	2co0	A	IV.4	1	1
2co0C	2co0	C	IV.4	1	1
2cz5A	2cz5	A	IV.1	1	1
2cz5B	2cz5	B	IV.1	1	1
2czdA	2czd	A	IV.1	1	1
2czdB	2czd	B	IV.1	1	1
2czeA	2cze	A	IV.1	1	1
2czeB	2cze	B	IV.1	1	1
2czfA	2czf	A	IV.1	1	1
2czfB	2czf	B	IV.1	1	1
2czvB	2czv	B	IV.1	1	1
2d43A	2d43	A	IV.9	1	2
2d9qB	2d9q	B	V.4	1	3
2db0A	2db0	A	III.3	1	1
2dg1A	2dg1	A	IV.4	1	1
2dg1C	2dg1	C	IV.4	1	1
2dg1E	2dg1	E	IV.4	1	1
2dg1F	2dg1	F	IV.4	1	1
2dktA	2dkt	A	III.4	1	2
2dsoA	2dso	A	IV.4	1	1
2dsoB	2dso	B	IV.4	1	1
2dsoC	2dso	C	IV.4	1	1
2dsoD	2dso	D	IV.4	1	1
2dsoE	2dso	E	IV.4	1	1
2dsoF	2dso	F	IV.4	1	1
2dvwA	2dvw	A	III.3	1	1
2dw7C	2dw7	C	IV.1	1	2
2dw7D	2dw7	D	IV.1	1	2
2dw7E	2dw7	E	IV.1	1	2
2dw7N	2dw7	N	IV.1	1	2
2dwzA	2dwz	A	III.3	1	1
2dwzC	2dwz	C	III.3	1	1
2dyhA	2dyh	A	IV.4	1	1
2dznA	2dzn	A	III.3	1	1
2dznC	2dzn	C	III.3	1	1
2dznE	2dzn	E	III.3	1	1
2dzoA	2dzo	A	III.3	1	1
2dzoC	2dzo	C	III.3	1	1
2e9wA	2e9w	A	V.5	1	5
2e9wB	2e9w	B	V.5	1	5
2ec8A	2ec8	A	V.4	1	5
2ecfA	2ecf	A	IV.4	1	2
2egzC	2egz	C	IV.1	1	1
2ekcB	2ekc	B	IV.1	1	1
2exhD	2exh	D	IV.4	1	2
2exjA	2exj	A	IV.4	1	2
2exjD	2exj	D	IV.4	1	2
2f0yA	2f0y	A	III.3	1	1
2f10A	2f10	A	IV.8	1	1
2f11A	2f11	A	IV.8	1	1
2f27A	2f27	A	IV.8	1	1
2f6eA	2f6e	A	III.4	1	1
2f8xK	2f8x	K	III.3	1	1
2f8yA	2f8y	A	III.3	1	1
2f8yB	2f8y	B	III.3	1	1
2f9cA	2f9c	A	III.1	1	1
2f9cB	2f9c	B	III.1	1	1
2fawB	2faw	B	IV.4	1	1
2fbnA	2fbn	A	III.3	1	1
2fi7B	2fi7	B	III.3	1	1
2fkgA	2fkg	A	III.5	1	2
2fkjA	2fkj	A	III.5	1	3
2fkjB	2fkj	B	III.5	1	3
2fkjC	2fkj	C	III.5	1	3
2fkoA	2fko	A	III.1	1	1
2fluX	2flu	X	IV.4	1	1
2fo7A	2fo7	A	III.3	1	1
2fp8A	2fp8	A	IV.8	1	1
2fpbA	2fpb	A	IV.4	1	1
2ft3A	2ft3	A	III.2	1	1
2ft3B	2ft3	B	III.2	1	1
2ft3C	2ft3	C	III.2	1	1
2ft3D	2ft3	D	III.2	1	1
2ft3E	2ft3	E	III.2	1	1
2ft3F	2ft3	F	III.2	1	1
2fv2B	2fv2	B	III.3	1	1
2fv2C	2fv2	C	III.3	1	1
2fv2D	2fv2	D	III.3	1	1
2g5pA	2g5p	A	IV.4	1	2
2g63C	2g63	C	IV.4	1	2
2g63D	2g63	D	IV.4	1	2
2g7cA	2g7c	A	III.4	1	1
2g7cB	2g7c	B	III.4	1	1
2g8cO	2g8c	O	III.5	1	1
2g99A	2g99	A	IV.4	1	1
2g99B	2g99	B	IV.4	1	1
2g9aA	2g9a	A	IV.4	1	1
2gbfA	2gbf	A	IV.4	1	2
2gc4A	2gc4	A	IV.4	1	1
2gc4E	2gc4	E	IV.4	1	1
2gc4I	2gc4	I	IV.4	1	1
2gc4M	2gc4	M	IV.4	1	1
2gc7A	2gc7	A	IV.4	1	1
2gc7E	2gc7	E	IV.4	1	1
2gc7I	2gc7	I	IV.4	1	1
2gc7M	2gc7	M	IV.4	1	1
2gg4A	2gg4	A	IV.5	1	2
2gg6A	2gg6	A	IV.5	1	2
2ggaA	2gga	A	IV.5	1	2
2ggdA	2ggd	A	IV.5	1	2
2ggeH	2gge	H	IV.1	1	2
2ggoA	2ggo	A	III.1	1	2
2ggqA	2ggq	A	III.1	1	2
2gl7A	2gl7	A	III.3	1	1
2gl7D	2gl7	D	III.3	1	1
2gnqA	2gnq	A	IV.4	1	1
2go2A	2go2	A	IV.3	1	1
2gopA	2gop	A	IV.4	1	1
2gopB	2gop	B	IV.4	1	1
2gskA	2gsk	A	IV.2	1	2
2gvwA	2gvw	A	IV.4	1	1
2gvxA	2gvx	A	IV.4	1	1
2gw1A	2gw1	A	III.3	2	1
2gysB	2gys	B	V.5	1	4
2gzbB	2gzb	B	IV.3	1	1
2gzxA	2gzx	A	IV.1	1	1
2h0lA	2h0l	A	V.1	1	4
2h13A	2h13	A	IV.4	1	1
2h14A	2h14	A	IV.4	1	1
2h2nA	2h2n	A	IV.8	1	1
2h3xA	2h3x	A	IV.4	1	1
2h3xD	2h3x	D	IV.4	1	1
2h47A	2h47	A	IV.4	1	1
2h47D	2h47	D	IV.4	1	1
2h47F	2h47	F	IV.4	1	1
2h47H	2h47	H	IV.4	1	1
2h4mA	2h4m	A	III.3	1	1
2h4mB	2h4m	B	III.3	1	1
2h68A	2h68	A	IV.4	1	1
2h68B	2h68	B	IV.4	1	1
2h6fA	2h6f	A	III.3	1	1
2h6gA	2h6g	A	III.3	1	1
2h6hA	2h6h	A	III.3	1	1
2h6iA	2h6i	A	III.3	1	1
2h6kA	2h6k	A	IV.4	1	1
2h6kB	2h6k	B	IV.4	1	1
2h6nA	2h6n	A	IV.4	1	1
2h6nB	2h6n	B	IV.4	1	1
2h6qA	2h6q	A	IV.4	1	1
2h6qB	2h6q	B	IV.4	1	1
2h6rA	2h6r	A	IV.1	1	1
2h6rB	2h6r	B	IV.1	1	1
2h6rC	2h6r	C	IV.1	1	1
2h6rD	2h6r	D	IV.1	1	1
2h6rE	2h6r	E	IV.1	1	1
2h6rF	2h6r	F	IV.1	1	1
2h6rG	2h6r	G	IV.1	1	1
2h6rH	2h6r	H	IV.1	1	1
2h9lA	2h9l	A	IV.4	1	1
2h9mA	2h9m	A	IV.4	1	1
2h9mC	2h9m	C	IV.4	1	1
2h9nA	2h9n	A	IV.4	1	1
2h9nC	2h9n	C	IV.4	1	1
2h9pA	2h9p	A	IV.4	1	1
2he0A	2he0	A	III.3	1	1
2he0B	2he0	B	III.3	1	1
2hesX	2hes	X	IV.4	1	1
2hj4A	2hj4	A	IV.4	1	1
2hj4B	2hj4	B	IV.4	1	1
2hjbA	2hjb	A	IV.4	1	1
2hjbB	2hjb	B	IV.4	1	1
2hkdA	2hkd	A	III.5	1	2
2hkmA	2hkm	A	IV.4	1	1
2hkmB	2hkm	B	IV.4	1	1
2hkrA	2hkr	A	IV.4	1	1
2hkrB	2hkr	B	IV.8	1	1
2ho1A	2ho1	A	III.3	1	1
2ho1B	2ho1	B	III.3	1	1
2hqsA	2hqs	A	IV.4	1	2
2hqsD	2hqs	D	IV.4	1	2
2hr7A	2hr7	A	III.2	3	3
2hr7B	2hr7	B	III.2	3	3
2hu7A	2hu7	A	IV.4	1	2
2hu8B	2hu8	B	IV.4	1	2
2hxcA	2hxc	A	IV.4	1	1
2hxcB	2hxc	B	IV.4	1	1
2hyeA	2hye	A	IV.4	3	4
2hyeC	2hye	C	III.3	1	5
2hyzA	2hyz	A	III.3	1	1
2i0rA	2i0r	A	IV.4	1	1
2i0rB	2i0r	B	IV.4	1	1
2i0sA	2i0s	A	IV.4	1	1
2i0sB	2i0s	B	IV.4	1	1
2i0tA	2i0t	A	IV.4	1	1
2i0tB	2i0t	B	IV.4	1	1
2i13A	2i13	A	V.3	1	4
2i3sA	2i3s	A	IV.4	1	1
2i3sE	2i3s	E	IV.4	1	1
2i3tA	2i3t	A	IV.4	1	1
2i3tC	2i3t	C	IV.4	1	1
2i3tE	2i3t	E	IV.4	1	1
2i3tG	2i3t	G	IV.4	1	1
2i5vO	2i5v	O	III.5	1	1
2i5zO	2i5z	O	III.5	1	1
2iaaA	2iaa	A	IV.4	1	1
2iaaD	2iaa	D	IV.4	1	1
2iaeA	2iae	A	III.3	1	1
2iaeD	2iae	D	III.3	1	1
2iaeE	2iae	E	III.3	1	1
2iaxA	2iax	A	IV.4	1	1
2id5A	2id5	A	III.2	1	2
2id5B	2id5	B	III.2	1	2
2id5C	2id5	C	III.2	1	2
2id5D	2id5	D	III.2	1	2
2ie3A	2ie3	A	III.3	1	1
2ie4A	2ie4	A	III.3	1	1
2iejA	2iej	A	III.3	1	1
2ifgA	2ifg	A	III.2	1	3
2ifgB	2ifg	B	III.2	1	3
2ifuB	2ifu	B	III.3	1	1
2ifuC	2ifu	C	III.3	1	1
2ifuD	2ifu	D	III.3	1	1
2ihoA	2iho	A	IV.9	1	2
2iicA	2iic	A	V.1	1	4
2iicD	2iic	D	V.1	1	4
2iouG	2iou	G	III.1	1	1
2iq7E	2iq7	E	III.1	1	1
2iq7F	2iq7	F	III.1	1	1
2iu8A	2iu8	A	III.1	1	3
2iu8B	2iu8	B	III.1	1	3
2iu8C	2iu8	C	III.1	1	3
2iu9A	2iu9	A	III.1	1	3
2iu9C	2iu9	C	III.1	1	3
2iuaA	2iua	A	III.1	1	3
2iuaC	2iua	C	III.1	1	3
2iupA	2iup	A	IV.4	1	1
2iupB	2iup	B	IV.4	1	1
2iuqA	2iuq	A	IV.4	1	1
2iuqB	2iuq	B	IV.4	1	1
2iurA	2iur	A	IV.4	1	1
2iurB	2iur	B	IV.4	1	1
2iuvA	2iuv	A	IV.4	1	1
2iuvB	2iuv	B	IV.4	1	1
2ivzC	2ivz	C	IV.4	1	2
2iwvA	2iwv	A	IV.2	1	1
2iwvB	2iwv	B	IV.2	1	1
2iwvC	2iwv	C	IV.2	1	1
2iwvD	2iwv	D	IV.2	1	1
2ixuA	2ixu	A	III.4	2	2
2ixvA	2ixv	A	III.4	2	2
2j04A	2j04	A	IV.4	1	2
2j55H	2j55	H	IV.4	1	1
2j55J	2j55	J	IV.4	1	1
2j56H	2j56	H	IV.4	1	1
2j56J	2j56	J	IV.4	1	1
2j57G	2j57	G	IV.4	1	1
2j57H	2j57	H	IV.4	1	1
2j57I	2j57	I	IV.4	1	1
2j57J	2j57	J	IV.4	1	1
2j8kA	2j8k	A	III.1	1	1
2j8sD	2j8s	D	III.3	1	1
2j8sE	2j8s	E	III.3	1	1
2j9qA	2j9q	A	III.3	1	1
2jdqA	2jdq	A	III.3	1	1
2jdqB	2jdq	B	III.3	1	1
2je0A	2je0	A	III.2	1	1
2je0B	2je0	B	III.2	1	1
2je0C	2je0	C	III.2	1	1
2je0D	2je0	D	III.2	1	1
2je0E	2je0	E	III.2	1	1
2je0F	2je0	F	III.2	1	1
2je1A	2je1	A	III.2	1	1
2je1B	2je1	B	III.2	1	1
2je1C	2je1	C	III.2	1	1
2je1D	2je1	D	III.2	1	1
2jf3A	2jf3	A	III.1	1	1
2jk4A	2jk4	A	IV.2	1	1
2jkrB	2jkr	B	III.3	1	1
2jkrE	2jkr	E	III.3	1	1
2jktA	2jkt	A	III.3	1	1
2jktB	2jkt	B	III.3	1	1
2jktE	2jkt	E	III.3	1	1
2jllA	2jll	A	V.4	1	4
2jqdA	2jqd	A	III.2	1	1
2jqyA	2jqy	A	IV.2	1	1
2k2cA	2k2c	A	III.4	1	2
2mhkA	2mhk	A	III.3	1	1
2n3dA	2n3d	A	III.1	1	1
2n3vA	2n3v	A	III.3	1	1
2npoA	2npo	A	III.1	1	2
2nppA	2npp	A	III.3	1	1
2nppB	2npp	B	III.3	1	1
2nppD	2npp	D	III.3	1	1
2nuwA	2nuw	A	IV.1	1	1
2nuwB	2nuw	B	IV.1	1	1
2nuxA	2nux	A	IV.1	1	1
2nuyA	2nuy	A	IV.1	1	1
2nv2K	2nv2	K	IV.1	1	1
2nv9B	2nv9	B	IV.1	1	2
2nw0B	2nw0	B	IV.1	1	1
2nylA	2nyl	A	III.3	1	1
2nylB	2nyl	B	III.3	1	1
2nylD	2nyl	D	III.3	1	1
2nylE	2nyl	E	III.3	1	1
2nymA	2nym	A	III.3	1	1
2nymB	2nym	B	III.3	1	1
2nymD	2nym	D	III.3	1	1
2nymE	2nym	E	III.3	1	1
2nziA	2nzi	A	V.4	1	3
2nziB	2nzi	B	V.4	1	3
2o0bA	2o0b	A	IV.5	1	2
2o15A	2o15	A	IV.5	1	2
2o26W	2o26	W	V.4	1	3
2o26X	2o26	X	V.5	1	3
2o4vB	2o4v	B	IV.2	1	1
2o56D	2o56	D	IV.1	1	2
2o6qA	2o6q	A	III.2	1	1
2o6rA	2o6r	A	III.1	1	1
2o6sA	2o6s	A	III.2	1	1
2o6sB	2o6s	B	III.2	1	1
2o7qA	2o7q	A	IV.1	1	3
2o9kA	2o9k	A	IV.4	1	1
2o9kC	2o9k	C	IV.4	1	1
2oagA	2oag	A	IV.4	1	2
2oagD	2oag	D	IV.8	1	2
2oczA	2ocz	A	IV.1	1	1
2odlA	2odl	A	III.1	1	1
2oejA	2oej	A	IV.1	1	2
2ofjB	2ofj	B	IV.1	1	2
2og9A	2og9	A	IV.1	1	2
2og9B	2og9	B	IV.1	1	2
2ogzB	2ogz	B	IV.4	1	2
2oi5A	2oi5	A	III.1	1	2
2oi5B	2oi5	B	III.1	1	2
2oi6A	2oi6	A	III.1	1	2
2oi6B	2oi6	B	III.1	1	2
2oi7A	2oi7	A	III.1	1	2
2oi7B	2oi7	B	III.1	1	2
2oizA	2oiz	A	IV.4	1	1
2oizB	2oiz	B	IV.4	1	1
2ojhA	2ojh	A	IV.4	1	1
2ojyA	2ojy	A	IV.4	1	1
2ojyB	2ojy	B	IV.4	1	1
2ok4A	2ok4	A	IV.4	1	1
2ok4B	2ok4	B	IV.4	1	1
2ok5A	2ok5	A	V.2	1	5
2ok6A	2ok6	A	IV.4	1	1
2ok6B	2ok6	B	IV.4	1	1
2ol6O	2ol6	O	III.5	1	1
2ol8O	2ol8	O	III.5	1	1
2oncC	2onc	C	IV.4	1	2
2ondA	2ond	A	III.3	1	1
2ondB	2ond	B	III.3	1	1
2oogD	2oog	D	IV.1	1	1
2ophB	2oph	B	IV.4	1	2
2oqhA	2oqh	A	IV.1	1	2
2oqyH	2oqy	H	IV.1	1	2
2otdC	2otd	C	IV.1	1	1
2ovrB	2ovr	B	IV.4	1	2
2ox1A	2ox1	A	IV.1	1	1
2oy1O	2oy1	O	III.5	1	1
2oy5O	2oy5	O	III.5	1	1
2oy7A	2oy7	A	III.5	1	2
2oy8A	2oy8	A	III.5	1	2
2oybO	2oyb	O	III.5	1	1
2oz3A	2oz3	A	IV.1	1	2
2oz3B	2oz3	B	IV.1	1	2
2oz3E	2oz3	E	IV.1	1	2
2oz4A	2oz4	A	V.5	1	3
2p2cP	2p2c	P	III.3	1	1
2p2cQ	2p2c	Q	III.3	1	1
2p2cR	2p2c	R	III.3	1	1
2p2cS	2p2c	S	III.3	1	1
2p2cT	2p2c	T	III.3	1	1
2p2cU	2p2c	U	III.3	1	1
2p2oB	2p2o	B	III.1	1	1
2p2oC	2p2o	C	III.1	1	1
2p2oE	2p2o	E	III.1	1	1
2p4oA	2p4o	A	IV.4	1	1
2p76E	2p76	E	IV.1	1	1
2p76F	2p76	F	IV.1	1	1
2p88A	2p88	A	IV.1	1	2
2p88D	2p88	D	IV.1	1	2
2p88E	2p88	E	IV.1	1	2
2p88F	2p88	F	IV.1	1	2
2p88G	2p88	G	IV.1	1	2
2p8qA	2p8q	A	III.3	1	1
2p9iC	2p9i	C	IV.4	1	1
2p9kC	2p9k	C	IV.4	1	1
2p9nC	2p9n	C	IV.4	1	1
2p9pC	2p9p	C	IV.4	1	1
2p9sC	2p9s	C	IV.4	1	1
2p9uC	2p9u	C	IV.4	1	1
2pbiB	2pbi	B	IV.4	1	1
2pbiD	2pbi	D	IV.4	1	1
2pceA	2pce	A	IV.1	1	2
2pceC	2pce	C	IV.1	1	2
2pecA	2pec	A	III.1	1	1
2pf4A	2pf4	A	III.3	1	1
2pf4B	2pf4	B	III.3	1	1
2pf4C	2pf4	C	III.3	1	1
2pf4D	2pf4	D	III.3	1	1
2pftA	2pft	A	V.1	1	1
2pgeA	2pge	A	IV.1	1	2
2pgwA	2pgw	A	IV.1	1	2
2pgwC	2pgw	C	IV.1	1	2
2pgwD	2pgw	D	IV.1	1	2
2pgwF	2pgw	F	IV.1	1	2
2pgwH	2pgw	H	IV.1	1	2
2pi3O	2pi3	O	III.5	1	1
2pigA	2pig	A	III.1	1	1
2pkgA	2pkg	A	III.3	1	1
2pkgB	2pkg	B	III.3	1	1
2pl2A	2pl2	A	III.3	1	1
2pl2B	2pl2	B	III.3	1	1
2pm6B	2pm6	B	IV.4	1	1
2pm6D	2pm6	D	IV.4	1	1
2pm7B	2pm7	B	IV.4	1	1
2pm7D	2pm7	D	IV.4	1	1
2pm9B	2pm9	B	IV.4	1	1
2pn5A	2pn5	A	IV.6	2	10
2pnnA	2pnn	A	III.3	1	1
2pp0B	2pp0	B	IV.1	1	2
2pp1A	2pp1	A	IV.1	1	2
2pp1C	2pp1	C	IV.1	1	2
2pp1D	2pp1	D	IV.1	1	2
2pp1E	2pp1	E	IV.1	1	2
2pp1F	2pp1	F	IV.1	1	2
2pp3C	2pp3	C	IV.1	1	2
2ppgA	2ppg	A	IV.1	1	2
2pq9A	2pq9	A	IV.5	1	2
2pqbA	2pqb	A	IV.5	1	2
2pqcA	2pqc	A	IV.5	1	2
2pqdA	2pqd	A	IV.5	1	2
2prnA	2prn	A	IV.2	1	1
2prtA	2prt	A	V.3	1	4
2pygB	2pyg	B	III.1	1	1
2pyhA	2pyh	A	III.1	1	1
2pyhB	2pyh	B	III.1	1	1
2pz0B	2pz0	B	IV.1	1	1
2q4gW	2q4g	W	III.2	1	1
2q4gY	2q4g	Y	III.2	1	1
2q5dA	2q5d	A	III.3	1	1
2q7fA	2q7f	A	III.3	1	1
2q7fB	2q7f	B	III.3	1	1
2q7qA	2q7q	A	IV.4	1	1
2q7qB	2q7q	B	IV.4	1	1
2qc5A	2qc5	A	IV.4	1	1
2qc9A	2qc9	A	III.3	1	1
2qc9B	2qc9	B	III.3	1	1
2qdeA	2qde	A	IV.1	1	2
2qdeD	2qde	D	IV.1	1	2
2qezA	2qez	A	IV.1	1	1
2qfqA	2qfq	A	IV.5	1	2
2qftA	2qft	A	IV.5	1	2
2qfuA	2qfu	A	IV.5	1	2
2qgyA	2qgy	A	IV.1	1	2
2qiaA	2qia	A	III.1	1	1
2qivX	2qiv	X	III.1	1	1
2qj6A	2qj6	A	III.4	1	1
2qj6B	2qj6	B	III.4	1	1
2qk1A	2qk1	A	III.3	1	1
2qk2A	2qk2	A	III.3	1	1
2qkxA	2qkx	A	III.1	1	2
2qm9B	2qm9	B	IV.2	1	1
2qmrA	2qmr	A	III.3	1	1
2qmrB	2qmr	B	III.3	1	1
2qmrC	2qmr	C	III.3	1	1
2qmrD	2qmr	D	III.3	1	1
2qnaA	2qna	A	III.3	1	1
2qtkA	2qtk	A	IV.2	1	1
2qtkB	2qtk	B	IV.2	1	1
2qxvA	2qxv	A	IV.4	1	1
2qy1B	2qy1	B	III.1	1	1
2qygD	2qyg	D	IV.1	1	2
2qyiB	2qyi	B	IV.3	1	1
2qyiD	2qyi	D	IV.3	1	1
2qyjA	2qyj	A	III.3	1	1
2qzaA	2qza	A	III.1	1	2
2r17C	2r17	C	III.3	1	1
2r17D	2r17	D	III.3	1	1
2r19A	2r19	A	III.5	1	1
2r1aA	2r1a	A	III.5	1	1
2r1aB	2r1a	B	III.5	1	1
2r1aC	2r1a	C	III.5	1	1
2r1aD	2r1a	D	III.5	1	1
2r1aE	2r1a	E	III.5	1	1
2r1aF	2r1a	F	III.5	1	1
2r1aG	2r1a	G	III.5	1	1
2r1aH	2r1a	H	III.5	1	1
2r2lA	2r2l	A	III.3	1	1
2r8wB	2r8w	B	IV.1	1	1
2r94C	2r94	C	IV.1	1	1
2r9uA	2r9u	A	III.2	1	1
2r9uB	2r9u	B	III.2	1	1
2r9uC	2r9u	C	III.2	1	1
2r9uD	2r9u	D	III.2	1	1
2rfaA	2rfa	A	III.3	1	1
2rfmA	2rfm	A	III.3	1	1
2rfmB	2rfm	B	III.3	1	1
2rijA	2rij	A	III.1	1	2
2rl1A	2rl1	A	IV.5	1	2
2rl2A	2rl2	A	IV.5	1	2
2sqcA	2sqc	A	IV.6	2	2
2trcB	2trc	B	IV.4	1	1
2uveB	2uve	B	III.1	1	2
2uvfA	2uvf	A	III.1	1	2
2uvfB	2uvf	B	III.1	1	2
2uvkB	2uvk	B	IV.4	1	1
2uwjG	2uwj	G	III.3	1	1
2uy1A	2uy1	A	III.3	1	1
2uzxA	2uzx	A	III.2	1	3
2uzxC	2uzx	C	III.2	1	3
2uzyA	2uzy	A	III.2	1	3
2uzyC	2uzy	C	III.2	1	3
2v04A	2v04	A	III.4	1	1
2v0hA	2v0h	A	III.1	1	2
2v0iA	2v0i	A	III.1	1	2
2v0jA	2v0j	A	III.1	1	2
2v0kA	2v0k	A	III.1	1	2
2v0lA	2v0l	A	III.1	1	2
2v4hC	2v4h	C	III.3	1	1
2v5iA	2v5i	A	III.1	1	2
2v5qC	2v5q	C	III.3	1	1
2v5qD	2v5q	D	III.3	1	1
2v5rA	2v5r	A	V.5	1	4
2v5rB	2v5r	B	V.5	1	4
2v5sB	2v5s	B	V.5	1	4
2v70A	2v70	A	III.1	1	1
2v70B	2v70	B	III.2	1	1
2v70C	2v70	C	III.2	1	1
2v70D	2v70	D	III.2	1	1
2v81A	2v81	A	IV.1	1	1
2v82A	2v82	A	IV.1	1	1
2v9dA	2v9d	A	IV.1	1	1
2v9dD	2v9d	D	IV.1	1	1
2v9sA	2v9s	A	III.2	1	1
2v9sB	2v9s	B	III.2	1	1
2v9sC	2v9s	C	III.2	1	1
2v9sD	2v9s	D	III.2	1	1
2v9tB	2v9t	B	III.2	1	1
2vbmA	2vbm	A	III.1	1	2
2vc6B	2vc6	B	IV.1	1	1
2vd4A	2vd4	A	III.1	1	2
2vdcA	2vdc	A	III.1	1	5
2vdcC	2vdc	C	III.1	1	5
2vdcE	2vdc	E	III.1	1	5
2vdhF	2vdh	F	IV.1	1	2
2vdnA	2vdn	A	IV.8	1	1
2vdoA	2vdo	A	IV.8	1	1
2vduB	2vdu	B	IV.4	1	1
2vduD	2vdu	D	IV.4	1	1
2vfnA	2vfn	A	III.1	1	2
2vfqA	2vfq	A	III.1	1	2
2vgyA	2vgy	A	III.3	1	1
2vheA	2vhe	A	III.1	1	2
2vheB	2vhe	B	III.1	1	2
2vj3A	2vj3	A	V.2	1	3
2vk7A	2vk7	A	IV.4	1	1
2vpjA	2vpj	A	IV.4	1	1
2vq2A	2vq2	A	III.3	1	1
2vqiA	2vqi	A	IV.2	1	2
2vqiB	2vqi	B	IV.2	1	2
2vseA	2vse	A	IV.9	4	5
2vvzA	2vvz	A	IV.4	1	1
2vvzB	2vvz	B	IV.4	1	1
2vyiA	2vyi	A	III.3	1	1
2vyuA	2vyu	A	III.4	1	1
2w0vA	2w0v	A	III.1	1	2
2w0wA	2w0w	A	III.1	1	2
2w16A	2w16	A	IV.2	1	3
2w7zA	2w7z	A	III.1	1	1
2w8bA	2w8b	A	IV.4	1	2
2w8bB	2w8b	B	IV.4	1	2
2w8bD	2w8b	D	IV.4	1	2
2w8bF	2w8b	F	IV.4	1	2
2wbcA	2wbc	A	IV.3	1	1
2wg4B	2wg4	B	IV.4	1	3
2whjA	2whj	A	IV.1	1	1
2wiiA	2wii	A	V.5	1	6
2wiiC	2wii	C	V.2	1	4
2wimA	2wim	A	V.5	1	3
2wimB	2wim	B	V.4	1	3
2winA	2win	A	V.5	1	6
2winC	2win	C	V.5	1	6
2winE	2win	E	V.5	1	6
2winG	2win	G	V.5	1	6
2wldB	2wld	B	III.1	1	1
2wldC	2wld	C	III.1	1	1
2wleA	2wle	A	III.1	1	1
2wleB	2wle	B	III.1	1	1
2wleC	2wle	C	III.1	1	1
2wlfA	2wlf	A	III.1	1	1
2wlfB	2wlf	B	III.1	1	1
2wlfC	2wlf	C	III.1	1	1
2wlgA	2wlg	A	III.1	1	1
2wlgB	2wlg	B	III.1	1	1
2wlgC	2wlg	C	III.1	1	1
2wngA	2wng	A	V.5	1	3
2wozA	2woz	A	IV.4	1	1
2wpbD	2wpb	D	IV.1	1	1
2wqpA	2wqp	A	IV.1	1	2
2wqrA	2wqr	A	V.5	1	3
2wqrB	2wqr	B	V.5	1	3
2wquB	2wqu	B	III.2	1	3
2wquC	2wqu	C	III.2	1	3
2wquD	2wqu	D	III.2	1	3
2wquE	2wqu	E	III.2	1	3
2wqvA	2wqv	A	III.2	1	3
2wqvB	2wqv	B	III.2	1	3
2wqwA	2wqw	A	III.2	1	3
2wqwB	2wqw	B	III.2	1	3
2wqxA	2wqx	A	III.2	1	3
2wqxB	2wqx	B	III.2	1	3
2wviA	2wvi	A	III.3	1	1
2wvpA	2wvp	A	IV.2	1	1
2ww5A	2ww5	A	III.4	2	2
2wwcA	2wwc	A	III.4	2	2
2wzmA	2wzm	A	IV.1	1	1
2x19B	2x19	B	III.3	1	1
2x8oA	2x8o	A	III.4	1	1
2xa7B	2xa7	B	III.3	1	1
2xbgA	2xbg	A	IV.4	1	1
2xcbA	2xcb	A	III.3	1	1
2xeeA	2xee	A	III.3	1	1
2xeeB	2xee	B	III.3	1	1
2xeeC	2xee	C	III.3	1	1
2xeeD	2xee	D	III.3	1	1
2xehA	2xeh	A	III.3	1	1
2xehB	2xeh	B	III.3	1	1
2xehC	2xeh	C	III.3	1	1
2xevA	2xev	A	III.3	1	1
2xl2A	2xl2	A	IV.4	1	1
2xl2B	2xl2	B	IV.4	1	1
2xl3A	2xl3	A	IV.4	1	1
2xl3B	2xl3	B	IV.4	1	1
2xn4A	2xn4	A	IV.4	1	1
2xn4B	2xn4	B	IV.4	1	1
2xrdA	2xrd	A	V.2	1	4
2xt2B	2xt2	B	III.1	1	1
2xt4A	2xt4	A	III.1	1	1
2xu7A	2xu7	A	IV.4	1	1
2xu7B	2xu7	B	IV.4	1	1
2xwtC	2xwt	C	III.1	1	1
2y0bG	2y0b	G	III.3	1	1
2y0bH	2y0b	H	III.3	1	1
2y0hA	2y0h	A	IV.2	1	1
2y1lF	2y1l	F	III.3	1	1
2y5qA	2y5q	A	III.2	1	3
2y7qD	2y7q	D	V.5	1	3
2yceE	2yce	E	IV.1	1	1
2yd9A	2yd9	A	V.4	1	3
2ydaB	2yda	B	IV.1	1	1
2ydtA	2ydt	A	IV.4	1	1
2yh3A	2yh3	A	IV.4	1	1
2yjyA	2yjy	A	III.3	1	1
2yjyB	2yjy	B	III.3	1	1
2ymuB	2ymu	B	IV.4	2	2
2yn3B	2yn3	B	V.4	1	3
2yn3C	2yn3	C	V.4	1	3
2yn5A	2yn5	A	V.4	1	3
2yn5B	2yn5	B	V.4	1	3
2ynnA	2ynn	A	IV.4	1	1
2ynoA	2yno	A	IV.4	1	1
2ynoB	2yno	B	IV.4	1	1
2ynrA	2ynr	A	III.3	1	1
2ynsA	2yns	A	III.3	1	1
2ynsB	2yns	B	III.3	1	1
2ypfA	2ypf	A	III.3	1	1
2yr1B	2yr1	B	IV.1	1	1
2ysuA	2ysu	A	IV.2	1	2
2yswC	2ysw	C	IV.1	1	1
2yuhA	2yuh	A	III.1	1	1
2yvwA	2yvw	A	IV.5	1	2
2yw3B	2yw3	B	IV.1	1	1
2yw3E	2yw3	E	IV.1	1	1
2yw4A	2yw4	A	IV.1	1	1
2yxgC	2yxg	C	IV.1	1	1
2yxgD	2yxg	D	IV.1	1	1
2yytC	2yyt	C	IV.1	1	1
2z2cA	2z2c	A	IV.5	1	2
2z2cB	2z2c	B	IV.5	1	2
2z2cC	2z2c	C	IV.5	1	2
2z2cD	2z2c	D	IV.5	1	2
2z2nA	2z2n	A	IV.4	1	1
2z2oA	2z2o	A	IV.4	1	1
2z2oB	2z2o	B	IV.4	1	1
2z2oC	2z2o	C	IV.4	1	1
2z2oD	2z2o	D	IV.4	1	1
2z2pA	2z2p	A	IV.4	1	1
2z2pB	2z2p	B	IV.4	1	1
2z32A	2z32	A	IV.4	1	1
2z49A	2z49	A	IV.9	2	3
2z5jA	2z5j	A	III.3	1	1
2z5kA	2z5k	A	III.3	1	1
2z5mA	2z5m	A	III.3	1	1
2z5nA	2z5n	A	III.3	1	1
2z5oA	2z5o	A	III.3	1	1
2z62A	2z62	A	III.2	1	1
2z63A	2z63	A	III.2	1	2
2z64A	2z64	A	III.2	1	2
2z65A	2z65	A	III.2	1	1
2z65B	2z65	B	III.2	1	1
2z66A	2z66	A	III.2	1	1
2z66B	2z66	B	III.2	1	1
2z66C	2z66	C	III.2	1	1
2z66D	2z66	D	III.2	1	1
2z6bA	2z6b	A	III.1	1	3
2z6hA	2z6h	A	III.3	1	1
2z7xA	2z7x	A	III.2	1	2
2z7xB	2z7x	B	III.2	1	1
2z80A	2z80	A	III.2	1	1
2z80B	2z80	B	III.2	1	1
2z81A	2z81	A	III.2	1	2
2z82A	2z82	A	III.2	1	2
2z8gA	2z8g	A	III.1	1	2
2z8gB	2z8g	B	III.1	1	2
2z8sA	2z8s	A	IV.4	1	2
2z8sB	2z8s	B	IV.4	1	2
2zadA	2zad	A	IV.1	1	2
2zc8B	2zc8	B	IV.1	1	2
2zirA	2zir	A	III.3	1	1
2zisA	2zis	A	III.3	1	1
2zu0A	2zu0	A	III.1	1	1
2zu6B	2zu6	B	III.3	1	2
2zu6E	2zu6	E	III.3	1	2
2zw9A	2zw9	A	IV.8	1	2
2zw9B	2zw9	B	IV.8	1	2
2zwaB	2zwa	B	IV.4	1	2
2zz1B	2zz1	B	IV.1	1	1
2zz2A	2zz2	A	IV.1	1	1
2zz2B	2zz2	B	IV.1	1	1
2zz3A	2zz3	A	IV.1	1	1
2zz3B	2zz3	B	IV.1	1	1
2zz4A	2zz4	A	IV.1	1	1
2zz4B	2zz4	B	IV.1	1	1
2zz6B	2zz6	B	IV.1	1	1
2zz7A	2zz7	A	IV.1	1	1
3a0fA	3a0f	A	IV.4	2	2
3a13I	3a13	I	IV.1	1	2
3a1mD	3a1m	D	III.1	1	1
3a1mE	3a1m	E	III.1	1	1
3a1mF	3a1m	F	III.1	1	1
3a21B	3a21	B	IV.1	2	4
3a3hA	3a3h	A	IV.1	1	1
3a5zH	3a5z	H	V.2	1	3
3a72A	3a72	A	IV.4	1	1
3a79A	3a79	A	III.2	1	2
3a79B	3a79	B	III.2	1	1
3a7bA	3a7b	A	III.2	1	2
3a7cA	3a7c	A	III.2	1	2
3aaaC	3aaa	C	III.3	1	1
3adeA	3ade	A	IV.4	1	1
3ah8B	3ah8	B	IV.4	1	1
3ajiA	3aji	A	III.3	1	1
3ajiC	3aji	C	III.3	1	1
3ajxA	3ajx	A	IV.1	1	1
3ajxB	3ajx	B	IV.1	1	1
3ajxC	3ajx	C	IV.1	1	1
3ajxD	3ajx	D	IV.1	1	1
3amrA	3amr	A	IV.4	1	1
3amsA	3ams	A	IV.4	1	1
3aqjP	3aqj	P	III.1	1	1
3aqjQ	3aqj	Q	III.1	1	1
3aqjR	3aqj	R	III.1	1	1
3as4A	3as4	A	III.3	1	1
3as5A	3as5	A	III.3	1	1
3as5B	3as5	B	III.3	1	1
3asdA	3asd	A	III.3	1	1
3asfA	3asf	A	III.3	1	1
3asfB	3asf	B	III.3	1	1
3asgA	3asg	A	III.3	1	1
3asgB	3asg	B	III.3	1	1
3ashA	3ash	A	III.3	1	1
3ashB	3ash	B	III.3	1	1
3b2dA	3b2d	A	III.2	1	1
3b2uA	3b2u	A	III.2	1	1
3b2uB	3b2u	B	III.2	1	1
3b2uM	3b2u	M	III.2	1	1
3b43A	3b43	A	V.5	1	6
3b7bA	3b7b	A	III.3	1	1
3b7bB	3b7b	B	III.3	1	1
3b7fA	3b7f	A	IV.8	1	1
3b90A	3b90	A	III.1	1	1
3b95A	3b95	A	III.3	1	1
3b95B	3b95	B	III.3	1	1
3bg0A	3bg0	A	IV.4	1	1
3bg0D	3bg0	D	IV.4	1	1
3bg0E	3bg0	E	IV.4	1	1
3bg0H	3bg0	H	IV.4	1	1
3bg1A	3bg1	A	IV.4	1	1
3bg1D	3bg1	D	IV.4	1	1
3bg1E	3bg1	E	IV.4	1	1
3bg1H	3bg1	H	IV.4	1	1
3bjsB	3bjs	B	IV.1	1	2
3bpnC	3bpn	C	V.4	1	3
3bsbA	3bsb	A	III.3	1	1
3bsbB	3bsb	B	III.3	1	1
3bsxA	3bsx	A	III.3	1	1
3bsxB	3bsx	B	III.3	1	1
3btrC	3btr	C	III.3	1	1
3bwsA	3bws	A	IV.4	1	2
3bwtA	3bwt	A	III.3	1	1
3bx2A	3bx2	A	III.3	1	1
3bx3A	3bx3	A	III.3	1	1
3bx3B	3bx3	B	III.3	1	1
3bycA	3byc	A	IV.4	1	1
3c5mB	3c5m	B	IV.4	1	1
3c5wA	3c5w	A	III.3	1	1
3c6oB	3c6o	B	III.2	1	2
3c6pB	3c6p	B	III.2	1	2
3c75H	3c75	H	IV.4	1	1
3c75J	3c75	J	IV.4	1	1
3cfsB	3cfs	B	IV.4	1	1
3cigA	3cig	A	III.2	1	2
3cikB	3cik	B	IV.4	1	1
3ciyA	3ciy	A	III.2	1	2
3ciyB	3ciy	B	III.2	1	2
3cjpA	3cjp	A	IV.1	1	1
3ckaA	3cka	A	III.5	1	2
3ckaB	3cka	B	III.5	1	2
3ckfA	3ckf	A	III.5	1	1
3ckgA	3ckg	A	III.5	1	1
3ctlA	3ctl	A	IV.1	1	1
3ctlB	3ctl	B	IV.1	1	1
3ctlC	3ctl	C	IV.1	1	1
3cu7A	3cu7	A	IV.6	2	12
3d0cB	3d0c	B	IV.1	1	1
3d60A	3d60	A	IV.4	1	1
3d9hA	3d9h	A	III.3	1	1
3dmkA	3dmk	A	V.5	1	8
3dmkB	3dmk	B	V.5	1	7
3dmkC	3dmk	C	V.5	1	7
3dpyA	3dpy	A	III.3	1	1
3du1X	3du1	X	III.1	1	1
3dw8A	3dw8	A	III.3	1	1
3dw8D	3dw8	D	III.3	1	1
3dwlC	3dwl	C	IV.4	1	1
3dxkC	3dxk	C	IV.4	1	1
3dxmC	3dxm	C	IV.4	1	1
3e0gA	3e0g	A	V.5	1	5
3e30A	3e30	A	III.3	1	1
3e32A	3e32	A	III.3	1	1
3e33A	3e33	A	III.3	1	1
3e34A	3e34	A	III.3	1	1
3e37A	3e37	A	III.3	1	1
3e3mA	3e3m	A	IV.5	1	2
3e5zA	3e5z	A	IV.4	1	1
3e5zB	3e5z	B	IV.8	1	1
3e6jA	3e6j	A	III.2	1	1
3ea5B	3ea5	B	III.3	1	1
3ea5D	3ea5	D	III.3	1	1
3ebbD	3ebb	D	III.3	1	1
3ec5A	3ec5	A	III.5	1	2
3edtB	3edt	B	III.3	1	1
3edtH	3edt	H	III.3	1	1
3eegB	3eeg	B	IV.1	1	1
3eexA	3eex	A	III.5	1	2
3eexB	3eex	B	III.5	1	2
3ef2A	3ef2	A	IV.9	1	2
3eg6A	3eg6	A	IV.4	1	1
3ei1B	3ei1	B	IV.4	1	1
3ei2B	3ei2	B	IV.4	1	1
3ei3B	3ei3	B	IV.4	1	1
3ei4B	3ei4	B	IV.4	1	1
3ei4D	3ei4	D	IV.4	1	1
3ei4F	3ei4	F	IV.4	1	1
3eijA	3eij	A	III.3	1	2
3emhA	3emh	A	IV.4	1	1
3emnX	3emn	X	IV.2	1	1
3eskA	3esk	A	III.3	1	1
3eu7A	3eu7	A	IV.4	1	1
3eu9A	3eu9	A	III.3	1	1
3eu9B	3eu9	B	III.3	1	1
3eu9C	3eu9	C	III.3	1	1
3euvA	3euv	A	III.3	1	1
3eweA	3ewe	A	IV.4	1	1
3eweC	3ewe	C	IV.4	1	1
3exrA	3exr	A	IV.1	1	1
3exrB	3exr	B	IV.1	1	1
3exrC	3exr	C	IV.1	1	1
3exrD	3exr	D	IV.1	1	1
3exsA	3exs	A	IV.1	1	1
3exsB	3exs	B	IV.1	1	1
3exsC	3exs	C	IV.1	1	1
3exsD	3exs	D	IV.1	1	1
3extA	3ext	A	IV.1	1	1
3f3gE	3f3g	E	IV.4	1	1
3f3pA	3f3p	A	IV.4	1	1
3f3pI	3f3p	I	IV.4	1	1
3f3pJ	3f3p	J	IV.4	1	1
3f4nB	3f4n	B	IV.1	1	1
3f4wA	3f4w	A	IV.1	1	1
3f4wB	3f4w	B	IV.1	1	1
3f6kA	3f6k	A	IV.4	1	3
3f6qA	3f6q	A	III.3	1	1
3fcuA	3fcu	A	IV.4	1	1
3fexC	3fex	C	III.3	1	1
3feyC	3fey	C	III.3	1	1
3fgaA	3fga	A	III.3	1	1
3fgbA	3fgb	A	IV.4	1	1
3fgbB	3fgb	B	IV.4	1	1
3fjxA	3fjx	A	IV.5	1	2
3fk0A	3fk0	A	IV.5	1	2
3fk1A	3fk1	A	IV.5	1	2
3fm0A	3fm0	A	IV.4	1	1
3fmoA	3fmo	A	IV.8	1	1
3frxA	3frx	A	IV.4	1	1
3frxB	3frx	B	IV.4	1	1
3frxC	3frx	C	IV.4	1	1
3frxD	3frx	D	IV.4	1	1
3fvzA	3fvz	A	IV.4	1	1
3fxiA	3fxi	A	III.2	1	2
3fxiB	3fxi	B	III.2	1	2
3g04C	3g04	C	III.1	1	1
3g18B	3g18	B	IV.1	1	1
3g1aA	3g1a	A	IV.1	1	1
3g1aB	3g1a	B	IV.1	1	1
3g1dA	3g1d	A	IV.1	1	1
3g1dB	3g1d	B	IV.1	1	1
3g1fA	3g1f	A	IV.1	1	1
3g1fB	3g1f	B	IV.1	1	1
3g1fD	3g1f	D	IV.1	1	1
3g1fE	3g1f	E	IV.1	1	1
3g1fG	3g1f	G	IV.1	1	1
3g1fH	3g1f	H	IV.1	1	1
3g1fJ	3g1f	J	IV.1	1	1
3g1fK	3g1f	K	IV.1	1	1
3g1fL	3g1f	L	IV.1	1	1
3g1fM	3g1f	M	IV.1	1	1
3g1hA	3g1h	A	IV.1	1	1
3g1hC	3g1h	C	IV.1	1	1
3g1hD	3g1h	D	IV.1	1	1
3g1hE	3g1h	E	IV.1	1	1
3g1hG	3g1h	G	IV.1	1	1
3g1hI	3g1h	I	IV.1	1	1
3g1hJ	3g1h	J	IV.1	1	1
3g1hK	3g1h	K	IV.1	1	1
3g1hL	3g1h	L	IV.1	1	1
3g1hM	3g1h	M	IV.1	1	1
3g1vA	3g1v	A	IV.1	1	1
3g1vB	3g1v	B	IV.1	1	1
3g1xA	3g1x	A	IV.1	1	1
3g1xB	3g1x	B	IV.1	1	1
3g1yA	3g1y	A	IV.1	1	1
3g22A	3g22	A	IV.1	1	1
3g22B	3g22	B	IV.1	1	1
3g24A	3g24	A	IV.1	1	1
3g24B	3g24	B	IV.1	1	1
3g3aE	3g3a	E	III.2	1	1
3g3bC	3g3b	C	III.2	1	1
3g4eA	3g4e	A	IV.4	1	1
3g4eB	3g4e	B	IV.4	1	1
3g4hA	3g4h	A	IV.4	1	1
3g4hB	3g4h	B	IV.8	1	1
3gf5A	3gf5	A	V.2	1	7
3gf5B	3gf5	B	V.2	1	7
3gfcA	3gfc	A	IV.4	1	1
3gg7A	3gg7	A	IV.1	1	1
3gkfA	3gkf	A	IV.1	1	1
3gngA	3gng	A	V.2	1	7
3gniA	3gni	A	III.3	1	1
3gozA	3goz	A	III.2	1	1
3grlA	3grl	A	III.3	1	1
3gs3A	3gs3	A	III.3	1	1
3gvoA	3gvo	A	III.3	1	1
3gvtA	3gvt	A	III.3	1	1
3gvtB	3gvt	B	III.3	1	1
3gw4B	3gw4	B	III.3	1	1
3gyzA	3gyz	A	III.3	1	1
3h3dX	3h3d	X	III.3	1	1
3h3dY	3h3d	Y	III.3	1	1
3h6jA	3h6j	A	IV.4	1	2
3hfqA	3hfq	A	IV.4	1	1
3hfqB	3hfq	B	IV.4	1	1
3hg0D	3hg0	D	III.3	1	1
3hlhA	3hlh	A	IV.4	1	1
3hlhC	3hlh	C	IV.4	1	1
3hliB	3hli	B	IV.4	1	1
3hliC	3hli	C	IV.4	1	1
3hpfA	3hpf	A	IV.1	1	2
3hraA	3hra	A	III.3	1	1
3hrpA	3hrp	A	IV.4	1	2
3hw9A	3hw9	A	IV.2	1	1
3hxjA	3hxj	A	IV.4	1	1
3hxjD	3hxj	D	IV.4	1	1
3hxrA	3hxr	A	IV.4	1	2
3hymB	3hym	B	III.3	1	2
3hymD	3hym	D	III.3	1	1
3hymF	3hym	F	III.3	1	1
3hymH	3hym	H	III.3	1	1
3hymJ	3hym	J	III.3	1	1
3hymL	3hym	L	III.3	1	1
3i1cA	3i1c	A	IV.4	1	1
3i2xB	3i2x	B	IV.3	1	1
3iebA	3ieb	A	IV.1	1	1
3iebB	3ieb	B	IV.1	1	1
3iebD	3ieb	D	IV.1	1	1
3iebE	3ieb	E	IV.1	1	1
3ifqA	3ifq	A	III.3	1	1
3igjC	3igj	C	III.1	1	1
3ii7A	3ii7	A	IV.4	1	1
3iipF	3iip	F	IV.1	1	1
3iiwA	3iiw	A	IV.4	1	1
3ij0A	3ij0	A	IV.4	1	1
3ij1A	3ij1	A	IV.4	1	1
3ijcA	3ijc	A	IV.4	1	1
3ik4B	3ik4	B	IV.1	1	2
3ikoA	3iko	A	IV.4	1	1
3ikoD	3iko	D	IV.4	1	1
3ikoG	3iko	G	IV.4	1	1
3inbB	3inb	B	IV.4	1	1
3inpA	3inp	A	IV.1	1	1
3issA	3iss	A	IV.5	1	2
3issC	3iss	C	IV.5	1	2
3issD	3iss	D	IV.5	1	2
3issE	3iss	E	IV.5	1	2
3issF	3iss	F	IV.5	1	2
3issG	3iss	G	IV.5	1	2
3issH	3iss	H	IV.5	1	2
3issI	3iss	I	IV.5	1	2
3issJ	3iss	J	IV.5	1	2
3issK	3iss	K	IV.5	1	2
3issL	3iss	L	IV.5	1	2
3iwpF	3iwp	F	IV.1	1	1
3iwpG	3iwp	G	IV.1	1	1
3iwpJ	3iwp	J	IV.1	1	1
3ixeA	3ixe	A	III.3	1	1
3iypF	3iyp	F	V.2	1	4
3j0aA	3j0a	A	III.2	1	3
3j0aB	3j0a	B	III.2	1	2
3j24B	3j24	B	V.2	1	4
3j80g	3j80	g	IV.4	1	1
3j81g	3j81	g	IV.4	1	1
3j96J	3j96	J	III.3	1	1
3jamg	3jam	g	IV.4	1	1
3jb9j	3jb9	j	III.2	1	1
3jb9K	3jb9	K	IV.4	1	1
3jb9L	3jb9	L	IV.4	1	1
3jbwB	3jbw	B	IV.4	1	1
3jbwD	3jbw	D	IV.4	1	1
3jbxB	3jbx	B	IV.4	1	1
3jbxD	3jbx	D	IV.4	1	1
3jbyB	3jby	B	IV.4	1	1
3jbyD	3jby	D	IV.4	1	1
3jpxA	3jpx	A	IV.4	1	1
3jr2A	3jr2	A	IV.1	1	1
3jr2B	3jr2	B	IV.1	1	1
3jr2C	3jr2	C	IV.1	1	1
3jx7A	3jx7	A	III.3	1	1
3jxiA	3jxi	A	III.3	1	1
3jxiB	3jxi	B	III.3	1	1
3jxiC	3jxi	C	III.3	1	1
3jxyA	3jxy	A	III.3	1	1
3jzgA	3jzg	A	IV.4	1	1
3jzhA	3jzh	A	IV.4	1	1
3jznA	3jzn	A	IV.4	1	1
3k1bA	3k1b	A	IV.2	1	1
3k1bB	3k1b	B	IV.2	1	1
3k26A	3k26	A	IV.4	1	1
3k27A	3k27	A	IV.4	1	1
3k38F	3k38	F	IV.4	1	1
3k38I	3k38	I	IV.4	1	1
3k38K	3k38	K	IV.4	1	1
3k38N	3k38	N	IV.4	1	1
3k3aC	3k3a	C	IV.4	1	1
3k7vA	3k7v	A	III.3	1	1
3k7wA	3k7w	A	III.3	1	1
3k9iA	3k9i	A	III.3	1	1
3kd7C	3kd7	C	III.3	1	1
3khjG	3khj	G	IV.1	1	1
3kj4A	3kj4	A	III.2	1	1
3kj4D	3kj4	D	III.2	1	1
3kndA	3knd	A	III.3	1	1
3kqaA	3kqa	A	IV.5	1	2
3kqaB	3kqa	B	IV.5	1	2
3kqaC	3kqa	C	IV.5	1	2
3kqaD	3kqa	D	IV.5	1	2
3kr6A	3kr6	A	IV.5	1	2
3krwB	3krw	B	IV.4	1	1
3krxB	3krx	B	IV.4	1	1
3kslA	3ksl	A	III.3	1	1
3ksqA	3ksq	A	III.3	1	1
3kstA	3kst	A	IV.4	1	1
3ktsC	3kts	C	IV.1	1	1
3ktsD	3kts	D	IV.1	1	1
3ktsE	3kts	E	IV.1	1	1
3kwcA	3kwc	A	III.1	1	1
3kwcB	3kwc	B	III.1	1	1
3kwcC	3kwc	C	III.1	1	1
3kwcD	3kwc	D	III.1	1	1
3kwcE	3kwc	E	III.1	1	1
3kwcF	3kwc	F	III.1	1	1
3kwdA	3kwd	A	III.1	1	1
3kweA	3kwe	A	III.1	1	1
3kxqA	3kxq	A	IV.1	1	1
3l2iA	3l2i	A	IV.1	1	1
3l2iB	3l2i	B	IV.1	1	1
3l3qA	3l3q	A	III.3	1	1
3l4mD	3l4m	D	IV.4	1	1
3l4mF	3l4m	F	IV.4	1	1
3l4oD	3l4o	D	IV.4	1	1
3l4oF	3l4o	F	IV.4	1	1
3l5hA	3l5h	A	V.5	1	6
3l6xA	3l6x	A	III.3	1	1
3l6yA	3l6y	A	III.3	1	1
3l6yC	3l6y	C	III.3	1	1
3l6yE	3l6y	E	III.3	1	1
3l9cA	3l9c	A	IV.1	1	1
3l9cB	3l9c	B	IV.1	1	1
3ldvB	3ldv	B	IV.1	1	1
3lhtA	3lht	A	IV.1	1	1
3lhtB	3lht	B	IV.1	1	1
3lhuA	3lhu	A	IV.1	1	1
3lhvB	3lhv	B	IV.1	1	1
3lhvD	3lhv	D	IV.1	1	1
3lhwA	3lhw	A	IV.1	1	1
3lhyB	3lhy	B	IV.1	1	1
3lhzA	3lhz	A	IV.1	1	1
3lhzB	3lhz	B	IV.1	1	1
3li0B	3li0	B	IV.1	1	1
3li1A	3li1	A	IV.1	1	1
3li1B	3li1	B	IV.1	1	1
3li3A	3li3	A	IV.4	1	1
3li4A	3li4	A	IV.4	1	1
3ljyA	3ljy	A	III.1	1	1
3lldA	3lld	A	IV.1	1	1
3lldB	3lld	B	IV.1	1	1
3llfA	3llf	A	IV.1	1	1
3lmzA	3lmz	A	IV.1	1	1
3lrvA	3lrv	A	IV.4	1	1
3lthA	3lth	A	IV.5	1	2
3ltjA	3ltj	A	III.3	1	2
3ltmA	3ltm	A	III.3	1	1
3ltmB	3ltm	B	III.3	1	2
3ltpB	3ltp	B	IV.1	1	1
3ltyA	3lty	A	IV.1	1	1
3lv5A	3lv5	A	IV.1	1	1
3lv5B	3lv5	B	IV.1	1	1
3lv6B	3lv6	B	IV.1	1	1
3lvgA	3lvg	A	III.3	1	3
3lvgB	3lvg	B	III.3	1	3
3lvgC	3lvg	C	III.3	1	3
3lvhA	3lvh	A	III.3	1	3
3lvhB	3lvh	B	III.3	1	3
3lvhC	3lvh	C	III.3	1	3
3lwwA	3lww	A	III.3	1	1
3lwwC	3lww	C	III.3	1	1
3lycA	3lyc	A	III.1	1	1
3lycB	3lyc	B	III.1	1	1
3lycC	3lyc	C	III.1	1	1
3lycE	3lyc	E	III.1	1	1
3lycF	3lyc	F	III.1	1	1
3lycJ	3lyc	J	III.1	1	1
3lycK	3lyc	K	III.1	1	1
3lycL	3lyc	L	III.1	1	1
3m18A	3m18	A	III.2	1	1
3m19A	3m19	A	III.2	1	1
3m19B	3m19	B	III.2	1	1
3m1zA	3m1z	A	IV.1	1	1
3m1zB	3m1z	B	IV.1	1	1
3m41B	3m41	B	IV.1	1	1
3m43B	3m43	B	IV.1	1	1
3m5xB	3m5x	B	IV.1	1	1
3m5yB	3m5y	B	IV.1	1	1
3m8bA	3m8b	A	IV.2	1	2
3m8dA	3m8d	A	IV.2	1	2
3m9gA	3m9g	A	V.3	1	3
3m9yA	3m9y	A	IV.1	1	1
3me4B	3me4	B	V.2	1	3
3mjgX	3mjg	X	V.4	1	3
3mkqC	3mkq	C	III.3	3	3
3mmyA	3mmy	A	IV.4	1	1
3mmyC	3mmy	C	IV.4	1	1
3mmyE	3mmy	E	IV.4	1	1
3mmyG	3mmy	G	IV.4	1	1
3mqhF	3mqh	F	III.1	1	1
3mswA	3msw	A	IV.2	1	1
3muxA	3mux	A	IV.1	1	1
3mvdK	3mvd	K	IV.4	1	1
3mxxA	3mxx	A	IV.4	1	1
3mzkA	3mzk	A	IV.4	1	1
3mzkD	3mzk	D	IV.4	1	1
3mzlA	3mzl	A	IV.4	1	1
3mzlC	3mzl	C	IV.4	1	1
3mzlE	3mzl	E	IV.4	1	1
3mzlG	3mzl	G	IV.4	1	1
3n0dA	3n0d	A	IV.4	1	1
3n0eA	3n0e	A	IV.4	1	1
3navA	3nav	A	IV.1	1	1
3nbnB	3nbn	B	III.3	1	1
3nbnE	3nbn	E	III.3	1	1
3nd2A	3nd2	A	III.3	1	1
3ndoA	3ndo	A	IV.1	1	1
3ndoB	3ndo	B	IV.1	1	1
3nf1A	3nf1	A	III.3	1	1
3ng3A	3ng3	A	IV.1	1	1
3ng3C	3ng3	C	IV.1	1	1
3ngjA	3ngj	A	IV.1	1	1
3ngjC	3ngj	C	IV.1	1	1
3nidC	3nid	C	IV.4	1	1
3nifC	3nif	C	IV.4	1	1
3njtA	3njt	A	IV.2	1	3
3nntA	3nnt	A	IV.1	1	1
3no5E	3no5	E	IV.1	1	1
3nocD	3noc	D	III.3	1	1
3nocE	3noc	E	III.3	1	1
3nogD	3nog	D	III.3	1	1
3nogE	3nog	E	III.3	1	1
3npxA	3npx	A	IV.1	1	1
3npxB	3npx	B	IV.1	1	1
3nq6B	3nq6	B	IV.1	1	1
3nq7A	3nq7	A	IV.1	1	1
3nq7B	3nq7	B	IV.1	1	1
3nqaA	3nqa	A	IV.1	1	1
3nqaB	3nqa	B	IV.1	1	1
3nqcA	3nqc	A	IV.1	1	1
3nqcB	3nqc	B	IV.1	1	1
3nqdA	3nqd	A	IV.1	1	1
3nqdB	3nqd	B	IV.1	1	1
3nqeA	3nqe	A	IV.1	1	1
3nqgA	3nqg	A	IV.1	1	1
3nqgB	3nqg	B	IV.1	1	1
3nqmB	3nqm	B	IV.1	1	1
3nvsA	3nvs	A	IV.5	1	2
3nvtA	3nvt	A	IV.1	1	2
3o53A	3o53	A	III.2	1	1
3o6nA	3o6n	A	III.2	1	1
3o8eB	3o8e	B	V.2	1	4
3o8eD	3o8e	D	V.2	1	4
3odtA	3odt	A	IV.4	1	1
3odtB	3odt	B	IV.4	1	1
3ogkB	3ogk	B	III.2	1	2
3ogkD	3ogk	D	III.2	1	2
3ogkF	3ogk	F	III.2	1	2
3ogkH	3ogk	H	III.2	1	2
3ogkJ	3ogk	J	III.2	1	2
3ogkL	3ogk	L	III.2	1	2
3ogkN	3ogk	N	III.2	1	2
3ogkP	3ogk	P	III.2	1	2
3oglB	3ogl	B	III.2	1	2
3oglD	3ogl	D	III.2	1	2
3oglF	3ogl	F	III.2	1	2
3oglH	3ogl	H	III.2	1	1
3oglJ	3ogl	J	III.2	1	2
3oglL	3ogl	L	III.2	1	2
3oglN	3ogl	N	III.2	1	2
3oglP	3ogl	P	III.2	1	2
3ogmB	3ogm	B	III.2	1	2
3ogmD	3ogm	D	III.2	1	2
3ogmF	3ogm	F	III.2	1	2
3ogmH	3ogm	H	III.2	1	1
3ogmJ	3ogm	J	III.2	1	2
3ogmL	3ogm	L	III.2	1	2
3ogmN	3ogm	N	III.2	1	2
3ogmP	3ogm	P	III.2	1	2
3ohnA	3ohn	A	IV.2	1	2
3ohnB	3ohn	B	IV.2	1	2
3olcX	3olc	X	V.3	1	3
3oqsA	3oqs	A	III.3	1	1
3orvD	3orv	D	IV.4	1	1
3ow8A	3ow8	A	IV.4	1	1
3ow8B	3ow8	B	IV.4	1	1
3ow8C	3ow8	C	IV.4	1	1
3ow8D	3ow8	D	IV.4	1	1
3p1lA	3p1l	A	IV.4	1	1
3p4fA	3p4f	A	IV.4	1	1
3p5zA	3p5z	A	IV.1	1	1
3p60B	3p60	B	IV.1	1	1
3pb2E	3pb2	E	IV.1	1	1
3pbuA	3pbu	A	IV.1	1	1
3pbvB	3pbv	B	IV.1	1	1
3pbwA	3pbw	A	IV.1	1	1
3pbyA	3pby	A	IV.1	1	1
3pc0A	3pc0	A	IV.1	1	1
3pc0B	3pc0	B	IV.1	1	1
3pg0A	3pg0	A	IV.9	1	1
3pg8A	3pg8	A	IV.1	1	1
3phzA	3phz	A	IV.9	1	2
3pmhG	3pmh	G	III.2	1	1
3pmoA	3pmo	A	III.1	1	3
3poxF	3pox	F	IV.2	1	1
3prnA	3prn	A	IV.2	1	1
3prwA	3prw	A	IV.4	1	1
3pscB	3psc	B	IV.4	1	1
3pslA	3psl	A	IV.4	1	1
3pslB	3psl	B	IV.4	1	1
3pssA	3pss	A	III.1	1	1
3psvB	3psv	B	IV.1	1	1
3pvuB	3pvu	B	IV.4	1	1
3pvwB	3pvw	B	IV.4	1	1
3pxsF	3pxs	F	IV.4	1	1
3pxtD	3pxt	D	IV.4	1	1
3pxtF	3pxt	F	IV.4	1	1
3pxwF	3pxw	F	IV.4	1	1
3pz4A	3pz4	A	III.3	1	1
3q0lA	3q0l	A	III.3	1	1
3q0lB	3q0l	B	III.3	1	1
3q0mA	3q0m	A	III.3	1	1
3q0mB	3q0m	B	III.3	1	1
3q0nA	3q0n	A	III.3	1	1
3q0nB	3q0n	B	III.3	1	1
3q0oA	3q0o	A	III.3	1	1
3q0oB	3q0o	B	III.3	1	1
3q0pA	3q0p	A	III.3	1	1
3q0pB	3q0p	B	III.3	1	1
3q15A	3q15	A	III.3	1	1
3q4aB	3q4a	B	III.3	1	1
3q54A	3q54	A	IV.4	1	1
3q5uA	3q5u	A	III.3	1	1
3q75A	3q75	A	III.3	1	1
3q78A	3q78	A	III.3	1	1
3q7aA	3q7a	A	III.3	1	1
3q7fA	3q7f	A	III.3	1	1
3q7mA	3q7m	A	IV.4	1	1
3q7nA	3q7n	A	IV.4	1	1
3q9nC	3q9n	C	III.3	1	1
3q9nD	3q9n	D	III.3	1	1
3q9uC	3q9u	C	III.3	1	1
3q9uD	3q9u	D	III.3	1	1
3qezA	3qez	A	IV.1	1	1
3qezB	3qez	B	IV.1	1	1
3qf0B	3qf0	B	IV.1	1	1
3qh2B	3qh2	B	IV.1	1	1
3qh2D	3qh2	D	IV.1	1	1
3qhyB	3qhy	B	IV.8	1	1
3qi0A	3qi0	A	IV.8	1	1
3qi0B	3qi0	B	IV.8	1	1
3qi0C	3qi0	C	IV.8	1	1
3qi0D	3qi0	D	IV.8	1	1
3qi0E	3qi0	E	IV.8	1	1
3qi0F	3qi0	F	IV.8	1	1
3qkyA	3qky	A	III.3	1	1
3qllA	3qll	A	IV.1	1	1
3qmrA	3qmr	A	IV.1	1	1
3qmrB	3qmr	B	IV.1	1	1
3qmsA	3qms	A	IV.1	1	1
3qmsB	3qms	B	IV.1	1	1
3qmtA	3qmt	A	IV.1	1	1
3qmtB	3qmt	B	IV.1	1	1
3qs7H	3qs7	H	V.4	1	3
3qs9F	3qs9	F	V.4	1	4
3qydB	3qyd	B	IV.3	1	1
3qz4A	3qz4	A	IV.4	1	1
3r12A	3r12	A	IV.1	1	1
3r38A	3r38	A	IV.5	1	2
3r50A	3r50	A	IV.10	1	1
3r52B	3r52	B	IV.10	1	1
3r52C	3r52	C	IV.10	1	1
3r8qA	3r8q	A	V.4	1	3
3rcmA	3rcm	A	IV.1	1	1
3rfgB	3rfg	B	IV.4	1	1
3rfhA	3rfh	A	IV.4	1	1
3rfhB	3rfh	B	IV.4	1	1
3rfhC	3rfh	C	IV.4	1	1
3rfhD	3rfh	D	IV.4	1	1
3rfzB	3rfz	B	IV.2	1	5
3rfzE	3rfz	E	IV.2	1	5
3rg1M	3rg1	M	III.2	1	2
3rg1N	3rg1	N	III.2	1	2
3rgmA	3rgm	A	IV.2	1	2
3rgnA	3rgn	A	IV.2	1	2
3rjvA	3rjv	A	III.3	1	1
3rk6A	3rk6	A	III.3	1	1
3rlmD	3rlm	D	IV.4	1	1
3rlmF	3rlm	F	IV.4	1	1
3rmrA	3rmr	A	V.1	1	3
3rmtA	3rmt	A	IV.5	1	2
3rmtB	3rmt	B	IV.5	1	2
3rmtC	3rmt	C	IV.5	1	2
3rmtD	3rmt	D	IV.5	1	2
3rn1D	3rn1	D	IV.4	1	1
3rn1F	3rn1	F	IV.4	1	1
3ro3A	3ro3	A	III.3	1	1
3roiA	3roi	A	IV.5	1	2
3roiB	3roi	B	IV.5	1	2
3rseC	3rse	C	IV.4	1	1
3ru6A	3ru6	A	IV.1	1	1
3ru6B	3ru6	B	IV.1	1	1
3ru6C	3ru6	C	IV.1	1	1
3ru6D	3ru6	D	IV.1	1	1
3rz9A	3rz9	A	III.3	1	1
3rzxA	3rzx	A	III.3	1	1
3s1wA	3s1w	A	IV.1	1	1
3s25A	3s25	A	IV.4	1	1
3s98A	3s98	A	V.5	1	3
3s9jA	3s9j	A	IV.8	1	1
3scyA	3scy	A	IV.4	1	1
3se3A	3se3	A	V.5	1	3
3se4A	3se4	A	V.5	1	3
3sf4A	3sf4	A	III.3	1	1
3sf4B	3sf4	B	III.3	1	1
3sf4C	3sf4	C	III.3	1	1
3sfxA	3sfx	A	III.3	1	1
3sfyA	3sfy	A	III.3	1	1
3sg1A	3sg1	A	IV.5	1	2
3sg1B	3sg1	B	IV.5	1	2
3sg1C	3sg1	C	IV.5	1	2
3sguA	3sgu	A	IV.1	1	1
3sizA	3siz	A	IV.1	1	1
3sizB	3siz	B	IV.1	1	1
3sjlD	3sjl	D	IV.4	1	1
3sjlF	3sjl	F	IV.4	1	1
3sl9A	3sl9	A	III.3	1	1
3sl9B	3sl9	B	III.3	1	1
3sl9E	3sl9	E	III.3	1	1
3sl9G	3sl9	G	III.3	1	1
3slaA	3sla	A	III.3	1	1
3slaB	3sla	B	III.3	1	1
3slaC	3sla	C	III.3	1	1
3slaE	3sla	E	III.3	1	1
3sleD	3sle	D	IV.4	1	1
3sleF	3sle	F	IV.4	1	1
3slhA	3slh	A	IV.5	1	2
3slhB	3slh	B	IV.5	1	2
3slhC	3slh	C	IV.5	1	2
3slhD	3slh	D	IV.5	1	2
3smrA	3smr	A	IV.4	1	1
3smrB	3smr	B	IV.4	1	1
3smrC	3smr	C	IV.4	1	1
3smrD	3smr	D	IV.4	1	1
3sn6B	3sn6	B	IV.4	1	1
3so8A	3so8	A	III.3	1	1
3spbA	3spb	A	IV.5	1	2
3spbB	3spb	B	IV.5	1	2
3spbC	3spb	C	IV.5	1	2
3spbD	3spb	D	IV.5	1	2
3ssjA	3ssj	A	IV.1	1	1
3su9A	3su9	A	IV.5	1	2
3svwD	3svw	D	IV.4	1	1
3swaA	3swa	A	IV.5	1	2
3swaB	3swa	B	IV.5	1	2
3swdA	3swd	A	IV.5	1	2
3swdB	3swd	B	IV.5	1	2
3swdC	3swd	C	IV.5	1	2
3swdD	3swd	D	IV.5	1	2
3swdE	3swd	E	IV.5	1	2
3swdF	3swd	F	IV.5	1	2
3swdG	3swd	G	IV.5	1	2
3swdH	3swd	H	IV.5	1	2
3swdI	3swd	I	IV.5	1	2
3swdJ	3swd	J	IV.5	1	2
3swdK	3swd	K	IV.5	1	2
3swdL	3swd	L	IV.5	1	2
3swgA	3swg	A	IV.5	1	2
3swiA	3swi	A	IV.5	1	2
3swqA	3swq	A	IV.5	1	2
3sxtD	3sxt	D	IV.4	1	1
3sxtF	3sxt	F	IV.4	1	1
3sy5A	3sy5	A	IV.1	1	1
3sy5B	3sy5	B	IV.1	1	1
3sysB	3sys	B	IV.2	1	1
3sz7A	3sz7	A	III.3	1	1
3t0sA	3t0s	A	IV.2	1	1
3t1wA	3t1w	A	V.4	1	4
3t24B	3t24	B	IV.2	1	1
3t3pC	3t3p	C	IV.4	1	1
3t6qA	3t6q	A	III.2	1	3
3t6qB	3t6q	B	III.2	1	2
3t7uA	3t7u	A	III.3	1	1
3t8kA	3t8k	A	III.3	1	1
3t8kB	3t8k	B	III.3	1	1
3t9gA	3t9g	A	III.1	1	1
3t9gB	3t9g	B	III.1	1	1
3taxA	3tax	A	III.3	1	4
3tc6A	3tc6	A	IV.1	1	1
3tfxA	3tfx	A	IV.1	1	1
3thaB	3tha	B	IV.1	1	1
3ti2A	3ti2	A	IV.5	1	1
3tioB	3tio	B	III.1	1	1
3tj3A	3tj3	A	III.3	1	1
3tk8A	3tk8	A	III.1	1	2
3tpmA	3tpm	A	III.3	1	1
3tpoA	3tpo	A	III.3	1	1
3tsrE	3tsr	E	III.2	1	1
3tsrF	3tsr	F	III.2	1	1
3tsrG	3tsr	G	III.2	1	1
3tsrH	3tsr	H	III.2	1	1
3ttoA	3tto	A	III.4	1	4
3tv0A	3tv0	A	III.1	1	1
3twqA	3twq	A	III.3	1	1
3twqB	3twq	B	III.3	1	1
3twrA	3twr	A	III.3	1	1
3twrB	3twr	B	III.3	1	1
3twrC	3twr	C	III.3	1	1
3twrD	3twr	D	III.3	1	1
3twsA	3tws	A	III.3	1	1
3twsB	3tws	B	III.3	1	1
3twsC	3tws	C	III.3	1	1
3twsD	3tws	D	III.3	1	1
3twtA	3twt	A	III.3	1	1
3twtB	3twt	B	III.3	1	1
3twtC	3twt	C	III.3	1	1
3twtD	3twt	D	III.3	1	1
3twuA	3twu	A	III.3	1	1
3twvA	3twv	A	III.3	1	1
3twvB	3twv	B	III.3	1	1
3twvC	3twv	C	III.3	1	1
3twvD	3twv	D	III.3	1	1
3twwA	3tww	A	III.3	1	1
3twwB	3tww	B	III.3	1	1
3twxA	3twx	A	III.3	1	1
3twxB	3twx	B	III.3	1	1
3u3wB	3u3w	B	III.3	1	2
3u4tA	3u4t	A	III.3	1	1
3u4yA	3u4y	A	IV.4	1	1
3u4yB	3u4y	B	IV.4	1	1
3ukuC	3uku	C	IV.4	1	1
3ukwB	3ukw	B	III.3	1	1
3ukxB	3ukx	B	III.3	1	1
3ukyB	3uky	B	III.3	1	1
3ukzB	3ukz	B	III.3	1	1
3ul0B	3ul0	B	III.3	1	1
3ul1B	3ul1	B	III.3	1	1
3ul7A	3ul7	A	III.2	1	1
3ul8A	3ul8	A	III.2	1	1
3ulaA	3ula	A	III.2	1	1
3ulaC	3ula	C	III.2	1	1
3uleC	3ule	C	IV.4	1	1
3ulqA	3ulq	A	III.3	1	1
3uluA	3ulu	A	III.2	1	2
3ulvA	3ulv	A	III.2	1	2
3upkA	3upk	A	IV.5	1	2
3upvA	3upv	A	III.3	1	1
3uq3A	3uq3	A	III.3	2	2
3ur4A	3ur4	A	IV.4	1	1
3ur4B	3ur4	B	IV.4	1	1
3urzA	3urz	A	III.3	1	1
3uvkA	3uvk	A	IV.4	1	1
3uvlA	3uvl	A	IV.4	1	1
3uvmA	3uvm	A	IV.4	1	1
3uvnA	3uvn	A	IV.4	1	1
3uvnC	3uvn	C	IV.4	1	1
3uvoA	3uvo	A	IV.4	1	1
3uvuA	3uvu	A	III.3	1	1
3uxgA	3uxg	A	III.3	1	1
3v1pB	3v1p	B	IV.1	1	1
3v1sB	3v1s	B	IV.8	1	1
3v2oA	3v2o	A	III.3	1	1
3v2xA	3v2x	A	III.3	1	1
3v30A	3v30	A	III.3	1	1
3v31A	3v31	A	III.3	1	1
3v47A	3v47	A	III.2	1	1
3v79K	3v79	K	III.3	1	1
3vbnE	3vbn	E	III.1	1	1
3vbpA	3vbp	A	III.1	1	1
3vbpC	3vbp	C	III.1	1	1
3vbpE	3vbp	E	III.1	1	1
3vcrA	3vcr	A	IV.1	1	1
3vcyA	3vcy	A	IV.5	1	2
3vcyB	3vcy	B	IV.5	1	2
3vcyC	3vcy	C	IV.5	1	2
3vcyD	3vcy	D	IV.5	1	2
3ve6A	3ve6	A	III.3	1	1
3ve7A	3ve7	A	IV.1	1	1
3ve7B	3ve7	B	IV.1	1	1
3ve9A	3ve9	A	IV.1	1	1
3ve9B	3ve9	B	IV.1	1	1
3vgzA	3vgz	A	IV.4	1	1
3vgzB	3vgz	B	IV.4	1	1
3vgzC	3vgz	C	IV.4	1	1
3vgzD	3vgz	D	IV.4	1	1
3vh0A	3vh0	A	IV.4	1	1
3vh0B	3vh0	B	IV.4	1	1
3vh0C	3vh0	C	IV.4	1	1
3vh0D	3vh0	D	IV.4	1	1
3vh8G	3vh8	G	V.5	1	3
3vh8H	3vh8	H	V.5	1	3
3vi4A	3vi4	A	IV.4	1	2
3vkbA	3vkb	A	IV.1	1	1
3vl1A	3vl1	A	IV.4	1	1
3vn3B	3vn3	B	III.1	1	1
3vndB	3vnd	B	IV.1	1	1
3vngA	3vng	A	IV.4	1	1
3vnhA	3vnh	A	IV.4	1	1
3vnpA	3vnp	A	III.1	1	1
3vq1A	3vq1	A	III.2	1	2
3vq1B	3vq1	B	III.2	1	2
3vq2A	3vq2	A	III.2	1	2
3vsfA	3vsf	A	IV.4	2	2
3vsfB	3vsf	B	IV.4	2	2
3vsfC	3vsf	C	IV.4	2	2
3vsfD	3vsf	D	IV.8	2	2
3vsfE	3vsf	E	IV.8	2	2
3vsfF	3vsf	F	IV.4	2	2
3vstB	3vst	B	III.1	1	2
3vstC	3vst	C	III.1	1	2
3vsuA	3vsu	A	III.1	1	2
3vsuB	3vsu	B	III.1	1	2
3vsuC	3vsu	C	III.1	1	2
3vsuD	3vsu	D	III.1	1	2
3vsvA	3vsv	A	III.1	1	2
3vsvB	3vsv	B	III.1	1	2
3vsvC	3vsv	C	III.1	1	2
3vsvD	3vsv	D	III.1	1	2
3vszA	3vsz	A	IV.4	2	2
3vszB	3vsz	B	IV.4	2	2
3vszC	3vsz	C	IV.4	2	2
3vszD	3vsz	D	IV.4	2	2
3vszE	3vsz	E	IV.4	2	2
3vszF	3vsz	F	IV.4	2	2
3vt0A	3vt0	A	IV.4	2	2
3vt0B	3vt0	B	IV.4	2	2
3vt0C	3vt0	C	IV.4	2	2
3vt0D	3vt0	D	IV.4	2	2
3vt0E	3vt0	E	IV.4	2	2
3vt0F	3vt0	F	IV.4	2	2
3vt1A	3vt1	A	IV.8	2	2
3vt1B	3vt1	B	IV.8	2	2
3vt1C	3vt1	C	IV.4	2	2
3vt1D	3vt1	D	IV.4	2	2
3vt1E	3vt1	E	IV.4	2	2
3vt1F	3vt1	F	IV.4	2	2
3vt2A	3vt2	A	IV.4	2	2
3vt2B	3vt2	B	IV.4	2	2
3vt2C	3vt2	C	IV.4	2	2
3vt2D	3vt2	D	IV.4	2	2
3vt2E	3vt2	E	IV.8	2	2
3vt2F	3vt2	F	IV.8	2	2
3vtoA	3vto	A	III.1	1	1
3vtoC	3vto	C	III.1	1	1
3vtoP	3vto	P	III.1	1	1
3vtoQ	3vto	Q	III.1	1	1
3vtxA	3vtx	A	III.3	1	1
3vtxB	3vtx	B	III.3	1	1
3vtyB	3vty	B	III.3	1	1
3vtyC	3vty	C	III.3	1	1
3vtyD	3vty	D	III.3	1	1
3vu4A	3vu4	A	IV.4	1	1
3vu4B	3vu4	B	IV.4	1	1
3vwaA	3vwa	A	III.3	1	2
3vy6A	3vy6	A	IV.10	1	1
3vy7A	3vy7	A	IV.10	1	1
3vzeA	3vze	A	IV.10	1	1
3vzfA	3vzf	A	IV.10	1	1
3vzgA	3vzg	A	IV.10	1	1
3w12E	3w12	E	III.2	1	2
3w15A	3w15	A	IV.4	1	1
3w3gA	3w3g	A	III.2	1	2
3w3gB	3w3g	B	III.2	1	2
3w3jA	3w3j	A	III.2	1	2
3w3jB	3w3j	B	III.2	1	2
3w3kA	3w3k	A	III.2	1	2
3w3kB	3w3k	B	III.2	1	2
3w3lA	3w3l	A	III.2	1	2
3w3lB	3w3l	B	III.2	1	2
3w3lC	3w3l	C	III.2	1	2
3w3lD	3w3l	D	III.2	1	2
3w3mA	3w3m	A	III.2	1	2
3w3nA	3w3n	A	III.2	1	2
3w3nB	3w3n	B	III.2	1	2
3w3wA	3w3w	A	III.3	1	1
3w3xA	3w3x	A	III.3	1	1
3w3yA	3w3y	A	III.3	1	1
3w3zA	3w3z	A	III.3	1	1
3w5kA	3w5k	A	III.3	1	1
3wbgD	3wbg	D	IV.2	1	1
3wcyA	3wcy	A	V.4	1	3
3wdzA	3wdz	A	IV.4	1	1
3wi5A	3wi5	A	IV.2	1	1
3wj9A	3wj9	A	IV.4	1	1
3wj9B	3wj9	B	IV.4	1	1
3wjwA	3wjw	A	IV.1	1	1
3wjzA	3wjz	A	IV.1	1	1
3wlwA	3wlw	A	III.2	4	4
3wlwB	3wlw	B	III.2	4	4
3wmzA	3wmz	A	IV.8	1	1
3wn1A	3wn1	A	IV.8	1	1
3wn4A	3wn4	A	III.2	1	2
3wn7A	3wn7	A	IV.4	1	1
3wn7L	3wn7	L	IV.4	1	1
3wo9A	3wo9	A	III.2	1	1
3wocB	3woc	B	IV.10	1	1
3wocC	3woc	C	IV.10	1	1
3wocD	3woc	D	IV.10	1	1
3wocE	3woc	E	IV.10	1	1
3wocF	3woc	F	IV.10	1	1
3woyA	3woy	A	III.3	1	1
3wozB	3woz	B	III.3	1	1
3wozD	3woz	D	III.3	1	1
3wp9A	3wp9	A	III.1	1	1
3wpbA	3wpb	A	III.2	1	2
3wpcA	3wpc	A	III.2	1	1
3wpcB	3wpc	B	III.2	1	2
3wpdA	3wpd	A	III.2	1	2
3wpeA	3wpe	A	III.2	1	2
3wpfA	3wpf	A	III.2	1	3
3wpgA	3wpg	A	III.2	1	2
3wphA	3wph	A	III.2	1	2
3wpiA	3wpi	A	III.2	1	2
3wptA	3wpt	A	III.3	1	1
3wptB	3wpt	B	III.3	1	1
3wsxA	3wsx	A	IV.4	1	3
3wsyA	3wsy	A	IV.4	1	3
3ww8B	3ww8	B	IV.4	1	1
3ww9A	3ww9	A	IV.8	1	1
3wwaA	3wwa	A	IV.4	1	1
3wwgC	3wwg	C	III.1	1	2
3wwgD	3wwg	D	III.1	1	2
3zdyC	3zdy	C	IV.4	1	1
3zdzC	3zdz	C	IV.4	1	1
3ze0A	3ze0	A	IV.4	1	1
3ze0C	3ze0	C	IV.4	1	1
3ze1A	3ze1	A	IV.4	1	1
3ze2A	3ze2	A	IV.4	1	1
3ze2C	3ze2	C	IV.4	1	1
3zfwB	3zfw	B	III.3	1	1
3zgcA	3zgc	A	IV.4	1	1
3zgcB	3zgc	B	IV.4	1	1
3zgdA	3zgd	A	IV.4	1	1
3zgdB	3zgd	B	IV.4	1	1
3zgqA	3zgq	A	III.3	1	1
3zh3A	3zh3	A	IV.5	1	2
3zh4A	3zh4	A	IV.5	1	2
3zhpA	3zhp	A	III.3	1	1
3zhpB	3zhp	B	III.3	1	1
3zinA	3zin	A	III.3	1	1
3zioA	3zio	A	III.3	1	1
3zipA	3zip	A	III.3	1	1
3ziqA	3ziq	A	III.3	1	1
3zirA	3zir	A	III.3	1	1
3zjyB	3zjy	B	III.3	1	1
3zjyE	3zjy	E	III.3	1	1
3zkjA	3zkj	A	III.3	1	2
3zkjD	3zkj	D	III.3	1	2
3zn3A	3zn3	A	III.3	1	1
3zngA	3zng	A	III.3	1	2
3zngD	3zng	D	III.3	1	2
3zu7B	3zu7	B	III.3	1	1
3zwlB	3zwl	B	IV.4	1	1
3zwlD	3zwl	D	IV.4	1	1
3zxjA	3zxj	A	IV.4	1	2
3zxjB	3zxj	B	IV.4	1	2
3zxlB	3zxl	B	IV.4	1	2
3zyiA	3zyi	A	III.2	1	2
3zyjA	3zyj	A	III.2	1	2
3zyjC	3zyj	C	III.2	1	2
3zynA	3zyn	A	III.2	1	1
3zyoA	3zyo	A	III.2	1	2
4a08A	4a08	A	IV.4	3	4
4a08B	4a08	B	IV.4	1	1
4a09A	4a09	A	IV.4	3	4
4a09B	4a09	B	IV.4	1	1
4a0aB	4a0a	B	IV.4	1	1
4a0bB	4a0b	B	IV.4	1	1
4a0bD	4a0b	D	IV.4	1	1
4a0cA	4a0c	A	III.3	1	1
4a0cB	4a0c	B	III.3	1	1
4a0kD	4a0k	D	IV.4	1	1
4a0lB	4a0l	B	IV.4	1	1
4a0lD	4a0l	D	IV.4	1	1
4a11B	4a11	B	IV.4	1	1
4a1gA	4a1g	A	III.3	1	1
4a1gB	4a1g	B	III.3	1	1
4a1gC	4a1g	C	III.3	1	1
4a1gD	4a1g	D	III.3	1	1
4a2lB	4a2l	B	IV.4	2	3
4a2lE	4a2l	E	IV.4	2	3
4a2mC	4a2m	C	IV.4	2	3
4a2mD	4a2m	D	IV.4	2	3
4a7jA	4a7j	A	IV.4	1	1
4a7kA	4a7k	A	IV.4	2	4
4a7yA	4a7y	A	IV.4	2	4
4aa7A	4aa7	A	III.1	1	1
4aa7B	4aa7	B	III.1	1	1
4aajA	4aaj	A	IV.1	1	1
4ac3A	4ac3	A	III.1	1	2
4acqA	4acq	A	IV.6	2	8
4acqB	4acq	B	IV.6	2	8
4acqC	4acq	C	IV.6	2	9
4acqD	4acq	D	IV.6	2	8
4adyB	4ady	B	III.3	1	3
4aezA	4aez	A	IV.4	1	1
4aezD	4aez	D	IV.4	1	1
4aezG	4aez	G	IV.4	1	1
4agiA	4agi	A	IV.4	1	1
4agiB	4agi	B	IV.4	1	1
4agiC	4agi	C	IV.4	1	1
4agiD	4agi	D	IV.4	1	1
4agtA	4agt	A	IV.4	1	1
4agtB	4agt	B	IV.4	1	1
4ah4A	4ah4	A	IV.4	1	1
4ah4B	4ah4	B	IV.4	1	1
4ahaA	4aha	A	IV.4	1	1
4ahaB	4aha	B	IV.4	1	1
4am9A	4am9	A	III.3	1	1
4amyA	4amy	A	IV.8	1	2
4aowA	4aow	A	IV.4	1	1
4aowB	4aow	B	IV.4	1	1
4aowC	4aow	C	IV.4	1	1
4arnC	4arn	C	III.2	1	1
4ascA	4asc	A	IV.4	1	1
4atzD	4atz	D	III.3	1	1
4atzE	4atz	E	III.3	1	1
4atzF	4atz	F	III.3	1	1
4av8A	4av8	A	IV.4	1	1
4av9A	4av9	A	IV.4	1	1
4avzA	4avz	A	III.1	1	2
4aw4A	4aw4	A	III.2	1	3
4aw4B	4aw4	B	III.2	1	3
4aw4C	4aw4	C	III.2	1	3
4axkB	4axk	B	IV.1	1	1
4ay5B	4ay5	B	III.3	1	4
4ay5C	4ay5	C	III.3	1	4
4ay6A	4ay6	A	III.3	1	4
4ay9X	4ay9	X	III.2	1	1
4ay9Y	4ay9	Y	III.2	1	1
4ay9Z	4ay9	Z	III.2	1	1
4b18A	4b18	A	III.3	1	1
4b8jA	4b8j	A	III.3	1	1
4b8oA	4b8o	A	III.3	1	1
4b8pA	4b8p	A	III.3	1	1
4b8pB	4b8p	B	III.3	1	1
4b93B	4b93	B	III.3	1	1
4ba3A	4ba3	A	III.3	1	1
4bh6A	4bh6	A	IV.4	1	1
4bh6B	4bh6	B	IV.4	1	1
4bh6C	4bh6	C	IV.4	1	1
4bh6D	4bh6	D	IV.4	1	1
4bh6E	4bh6	E	IV.4	1	1
4bh6F	4bh6	F	IV.4	1	1
4bh6G	4bh6	G	IV.4	1	1
4bh6H	4bh6	H	IV.4	1	1
4bk9B	4bk9	B	IV.1	1	1
4bl0A	4bl0	A	IV.4	1	1
4bl0D	4bl0	D	IV.4	1	1
4bp8A	4bp8	A	IV.8	1	2
4bp8B	4bp8	B	IV.8	1	2
4bplA	4bpl	A	III.3	1	1
4bqkA	4bqk	A	III.3	1	1
4bqkB	4bqk	B	III.3	1	1
4br1A	4br1	A	IV.1	1	1
4bsmA	4bsm	A	III.3	1	1
4bsrA	4bsr	A	III.2	1	2
4bsrB	4bsr	B	III.2	1	2
4bssA	4bss	A	III.2	1	1
4bssB	4bss	B	III.2	1	1
4bssE	4bss	E	III.2	1	1
4bssF	4bss	F	III.2	1	1
4bstA	4bst	A	III.2	1	1
4bstB	4bst	B	III.2	1	1
4bsuA	4bsu	A	III.2	1	1
4bsuB	4bsu	B	III.2	1	1
4bsuE	4bsu	E	III.2	1	1
4bsuF	4bsu	F	III.2	1	1
4bujC	4buj	C	IV.4	1	1
4bujD	4buj	D	IV.4	1	1
4bumX	4bum	X	IV.2	1	1
4bv4R	4bv4	R	III.2	1	1
4bxpA	4bxp	A	III.5	1	1
4bxqA	4bxq	A	III.5	1	1
4bxrA	4bxr	A	III.5	1	1
4bxrB	4bxr	B	III.5	1	1
4by2A	4by2	A	III.5	1	1
4by2B	4by2	B	III.5	1	1
4by2C	4by2	C	III.5	1	1
4bzjB	4bzj	B	IV.4	1	1
4bzjF	4bzj	F	IV.4	1	1
4bzkB	4bzk	B	IV.4	1	1
4bzkF	4bzk	F	IV.4	1	1
4c0oA	4c0o	A	III.3	1	1
4c0oB	4c0o	B	III.3	1	1
4cj9A	4cj9	A	III.3	1	1
4cnlA	4cnl	A	III.4	1	1
4db6A	4db6	A	III.3	1	2
4db8A	4db8	A	III.3	1	1
4db9A	4db9	A	III.3	1	2
4db9B	4db9	B	III.3	1	2
4db9C	4db9	C	III.3	1	2
4db9D	4db9	D	III.3	1	2
4db9E	4db9	E	III.3	1	2
4db9F	4db9	F	III.3	1	2
4dbdA	4dbd	A	IV.1	1	1
4dbeA	4dbe	A	IV.1	1	1
4df0A	4df0	A	IV.1	1	1
4df1A	4df1	A	IV.1	1	1
4djsA	4djs	A	III.3	1	1
4drxE	4drx	E	III.3	1	1
4drxF	4drx	F	III.3	1	1
4duiA	4dui	A	III.3	1	1
4dx1A	4dx1	A	III.3	1	1
4dx5D	4dx5	D	III.3	1	1
4dx5E	4dx5	E	III.3	1	1
4dx6D	4dx6	D	III.3	1	1
4dx6E	4dx6	E	III.3	1	1
4dx7D	4dx7	D	III.3	1	1
4dx7E	4dx7	E	III.3	1	1
4dzsA	4dzs	A	III.3	1	1
4dzsB	4dzs	B	III.3	1	1
4e38A	4e38	A	IV.1	1	1
4e38C	4e38	C	IV.1	1	1
4e5zB	4e5z	B	IV.4	1	1
4e7bA	4e7b	A	IV.5	1	2
4e7bB	4e7b	B	IV.5	1	2
4e7bC	4e7b	C	IV.5	1	2
4e7cA	4e7c	A	IV.5	1	2
4e7cB	4e7c	B	IV.5	1	2
4e7cC	4e7c	C	IV.5	1	2
4e7cD	4e7c	D	IV.5	1	2
4e7dA	4e7d	A	IV.5	1	2
4e7dB	4e7d	B	IV.5	1	2
4e7dC	4e7d	C	IV.5	1	2
4e7eA	4e7e	A	IV.5	1	2
4e7eB	4e7e	B	IV.5	1	2
4e7eD	4e7e	D	IV.5	1	2
4e7fA	4e7f	A	IV.5	1	2
4e7fB	4e7f	B	IV.5	1	2
4e7fC	4e7f	C	IV.5	1	2
4e7fD	4e7f	D	IV.5	1	2
4efrC	4efr	C	III.3	2	2
4eggC	4egg	C	III.1	1	1
4egrA	4egr	A	IV.5	1	2
4egrB	4egr	B	IV.5	1	2
4egrC	4egr	C	IV.5	1	2
4egrD	4egr	D	IV.5	1	2
4egrE	4egr	E	IV.5	1	2
4egrF	4egr	F	IV.5	1	2
4eiiA	4eii	A	IV.5	1	2
4eivB	4eiv	B	IV.1	1	1
4erqA	4erq	A	IV.4	1	1
4erqB	4erq	B	IV.4	1	1
4erqC	4erq	C	IV.4	1	1
4eryA	4ery	A	IV.4	1	1
4erzA	4erz	A	IV.4	1	1
4erzB	4erz	B	IV.4	1	1
4erzC	4erz	C	IV.4	1	1
4es0A	4es0	A	IV.4	1	1
4esgA	4esg	A	IV.4	1	1
4esgB	4esg	B	IV.4	1	1
4ev9A	4ev9	A	III.3	1	1
4ew9A	4ew9	A	III.1	1	1
4ew9B	4ew9	B	III.1	1	1
4ewrA	4ewr	A	IV.4	1	1
4exvA	4exv	A	IV.4	1	1
4ezgA	4ezg	A	III.2	1	1
4ezgB	4ezg	B	III.2	1	1
4f6rD	4f6r	D	III.3	1	1
4fa9F	4fa9	F	IV.4	1	1
4fanD	4fan	D	IV.4	1	1
4fanF	4fan	F	IV.4	1	1
4favD	4fav	D	IV.4	1	1
4favF	4fav	F	IV.4	1	1
4fb1D	4fb1	D	IV.4	1	1
4fb1F	4fb1	F	IV.4	1	1
4fceA	4fce	A	III.1	1	2
4fcgA	4fcg	A	III.2	1	1
4fd0A	4fd0	A	III.1	1	3
4fddA	4fdd	A	III.3	1	1
4fdwA	4fdw	A	III.1	1	3
4ffbC	4ffb	C	III.3	1	1
4fhlA	4fhl	A	IV.4	1	1
4fhmA	4fhm	A	IV.4	1	1
4fhmB	4fhm	B	IV.4	1	3
4fhnA	4fhn	A	IV.4	1	1
4fhnB	4fhn	B	IV.4	1	3
4fhnC	4fhn	C	IV.4	1	1
4fhnD	4fhn	D	IV.4	1	3
4fhoB	4fho	B	III.2	1	2
4fmzA	4fmz	A	III.2	1	2
4fmzB	4fmz	B	III.2	1	2
4fomA	4fom	A	V.5	1	3
4fp9B	4fp9	B	III.3	1	1
4fp9E	4fp9	E	III.3	1	1
4fp9H	4fp9	H	III.3	1	1
4fq3A	4fq3	A	III.3	1	1
4fqdB	4fqd	B	IV.5	1	2
4fs7A	4fs7	A	III.2	1	1
4fumA	4fum	A	V.2	1	3
4fx6M	4fx6	M	IV.1	1	1
4fx6N	4fx6	N	IV.1	1	1
4fx8A	4fx8	A	IV.1	1	1
4fxrA	4fxr	A	IV.1	1	1
4fxrB	4fxr	B	IV.1	1	1
4fzfA	4fzf	A	III.3	1	1
4g1eA	4g1e	A	IV.4	2	4
4g1mA	4g1m	A	IV.8	2	4
4g1tB	4g1t	B	III.3	1	1
4g3pA	4g3p	A	III.1	1	2
4g3sA	4g3s	A	III.1	1	2
4g55A	4g55	A	IV.4	1	2
4g56B	4g56	B	IV.4	1	1
4g56D	4g56	D	IV.4	1	1
4g8aA	4g8a	A	III.2	1	2
4g8aB	4g8a	B	III.2	1	2
4g8kA	4g8k	A	III.3	1	1
4g8kB	4g8k	B	III.3	1	1
4g8lB	4g8l	B	III.3	1	1
4g8lC	4g8l	C	III.3	1	1
4g8lD	4g8l	D	III.3	1	1
4ga0A	4ga0	A	III.3	1	1
4ga1A	4ga1	A	III.3	1	1
4ga2A	4ga2	A	III.3	1	1
4gc4A	4gc4	A	IV.1	1	1
4gcnA	4gcn	A	III.3	1	1
4gcnB	4gcn	B	III.3	1	1
4gezF	4gez	F	IV.4	1	1
4gg4A	4gg4	A	III.3	1	1
4ggaA	4gga	A	IV.4	1	1
4ggcA	4ggc	A	IV.4	1	1
4ggdA	4ggd	A	IV.4	1	1
4ggdB	4ggd	B	IV.4	1	1
4gh7B	4gh7	B	V.4	1	3
4gh7D	4gh7	D	V.4	1	3
4gm3A	4gm3	A	IV.4	1	1
4gm3B	4gm3	B	IV.4	1	1
4gm3C	4gm3	C	IV.4	1	1
4gm3D	4gm3	D	IV.4	1	1
4gm3E	4gm3	E	IV.4	1	1
4gm3F	4gm3	F	IV.4	1	1
4gm3G	4gm3	G	IV.4	1	1
4gm3H	4gm3	H	IV.4	1	1
4gm8A	4gm8	A	IV.4	1	1
4gm8B	4gm8	B	IV.4	1	1
4gm8C	4gm8	C	IV.4	1	1
4gm8D	4gm8	D	IV.4	1	1
4gmjA	4gmj	A	III.3	1	1
4gmrA	4gmr	A	III.3	1	1
4gmrB	4gmr	B	III.3	1	1
4gn7A	4gn7	A	IV.4	1	1
4gn8B	4gn8	B	IV.4	1	1
4gn9A	4gn9	A	IV.4	1	1
4gnbB	4gnb	B	IV.4	1	1
4gpmA	4gpm	A	III.3	1	1
4gpmB	4gpm	B	III.3	1	1
4gq1A	4gq1	A	IV.4	1	1
4gqbB	4gqb	B	IV.4	1	1
4grgA	4grg	A	III.3	1	1
4gtmA	4gtm	A	III.3	1	1
4gtoA	4gto	A	III.3	1	1
4gtpA	4gtp	A	III.3	1	1
4gtqA	4gtq	A	III.3	1	1
4gtrA	4gtr	A	III.3	1	1
4gyoB	4gyo	B	III.3	1	1
4h09E	4h09	E	III.2	1	1
4h41B	4h41	B	IV.1	1	1
4h5iB	4h5i	B	IV.4	1	1
4h5jB	4h5j	B	IV.8	1	1
4hb5A	4hb5	A	III.3	1	1
4hb5B	4hb5	B	III.3	1	1
4hbdA	4hbd	A	III.3	1	1
4hl8A	4hl8	A	V.2	1	11
4hmyA	4hmy	A	III.3	1	1
4hmyB	4hmy	B	III.3	1	1
4hnaD	4hna	D	III.3	1	1
4hotA	4hot	A	III.3	1	1
4hpzA	4hpz	A	III.3	1	1
4hqdA	4hqd	A	III.3	1	1
4hqdB	4hqd	B	III.3	1	1
4htvA	4htv	A	III.3	1	1
4hvtA	4hvt	A	IV.4	1	2
4hxtA	4hxt	A	III.3	1	2
4hzkA	4hzk	A	III.3	1	1
4i1aA	4i1a	A	III.3	1	1
4i1aB	4i1a	B	III.3	1	1
4i5lA	4i5l	A	III.3	1	1
4i5lD	4i5l	D	III.3	1	1
4i5nA	4i5n	A	III.3	1	1
4i5nD	4i5n	D	III.3	1	1
4i6jB	4i6j	B	III.2	1	2
4i6kA	4i6k	A	IV.1	1	1
4i79A	4i79	A	IV.4	1	1
4i79B	4i79	B	IV.4	1	1
4ia9A	4ia9	A	IV.4	1	1
4iglA	4igl	A	III.5	3	2
4iglB	4igl	B	III.5	1	1
4iglC	4igl	C	III.5	3	2
4iglD	4igl	D	III.5	1	1
4in4A	4in4	A	IV.4	1	1
4in4B	4in4	B	IV.4	1	1
4in4C	4in4	C	IV.4	1	1
4iqkA	4iqk	A	IV.4	1	1
4irtA	4irt	A	IV.4	1	1
4iwtA	4iwt	A	III.4	1	1
4iwtB	4iwt	B	III.4	1	1
4j0mA	4j0m	A	III.2	1	1
4j0mB	4j0m	B	III.2	1	2
4j0uA	4j0u	A	III.3	1	1
4j0wA	4j0w	A	IV.4	1	1
4j73A	4j73	A	IV.4	1	1
4j77A	4j77	A	IV.4	1	1
4j77B	4j77	B	IV.4	1	1
4j78A	4j78	A	IV.4	1	1
4j79A	4j79	A	IV.4	1	1
4j7wA	4j7w	A	III.3	1	1
4j7wB	4j7w	B	III.3	1	1
4j81A	4j81	A	IV.4	1	1
4j81B	4j81	B	IV.4	1	1
4j82A	4j82	A	IV.4	1	1
4j82B	4j82	B	IV.4	1	1
4j84A	4j84	A	IV.4	1	1
4j84B	4j84	B	IV.4	1	1
4j86A	4j86	A	IV.4	1	1
4j86B	4j86	B	IV.4	1	1
4j87A	4j87	A	IV.4	1	1
4j8bA	4j8b	A	IV.4	1	1
4j8gA	4j8g	A	IV.4	1	1
4j8gB	4j8g	B	IV.4	1	1
4j8yA	4j8y	A	III.3	1	1
4jb8P	4jb8	P	III.3	1	1
4jiwA	4jiw	A	III.1	1	1
4jiwB	4jiw	B	III.1	1	1
4jiwC	4jiw	C	III.1	1	1
4jiwE	4jiw	E	III.1	1	1
4jiwF	4jiw	F	III.1	1	1
4jiwG	4jiw	G	III.1	1	1
4jiwI	4jiw	I	III.1	1	1
4jiwJ	4jiw	J	III.1	1	1
4jiwK	4jiw	K	III.1	1	1
4jiwM	4jiw	M	III.1	1	1
4jiwN	4jiw	N	III.1	1	1
4jiwO	4jiw	O	III.1	1	1
4jlqA	4jlq	A	III.3	1	1
4jsnC	4jsn	C	IV.4	1	1
4jsnD	4jsn	D	IV.4	1	1
4jspC	4jsp	C	IV.4	1	1
4jspD	4jsp	D	IV.4	1	1
4jsvC	4jsv	C	IV.4	1	1
4jsvD	4jsv	D	IV.4	1	1
4jsxC	4jsx	C	IV.4	1	1
4jsxD	4jsx	D	IV.4	1	1
4jt5C	4jt5	C	IV.4	1	1
4jt5D	4jt5	D	IV.4	1	1
4jt6C	4jt6	C	IV.4	1	1
4jt6D	4jt6	D	IV.4	1	1
4jxmA	4jxm	A	IV.4	1	1
4k79D	4k79	D	III.2	1	1
4kzxg	4kzx	g	IV.4	1	1
4kzyg	4kzy	g	IV.4	1	1
4kzzg	4kzz	g	IV.4	1	1
4l3fA	4l3f	A	III.2	1	2
4l3fB	4l3f	B	III.2	1	2
4l3fC	4l3f	C	III.2	1	2
4l3fD	4l3f	D	III.2	1	2
4l7mA	4l7m	A	III.3	1	1
4lc6A	4lc6	A	IV.1	1	1
4lc6B	4lc6	B	IV.1	1	1
4lc8A	4lc8	A	IV.1	1	1
4lc8B	4lc8	B	IV.1	1	1
4ld1A	4ld1	A	III.5	1	1
4lg8A	4lg8	A	IV.4	1	1
4luiB	4lui	B	IV.1	1	1
4lujA	4luj	A	IV.1	1	1
4lujB	4luj	B	IV.1	1	1
4mpzA	4mpz	A	III.5	1	1
4nbxA	4nbx	A	III.4	1	1
4nbyA	4nby	A	III.4	1	1
4nbzA	4nbz	A	III.4	1	1
4nbzC	4nbz	C	III.4	1	1
4nc0A	4nc0	A	III.4	1	1
4np4A	4np4	A	III.4	1	2
4q35A	4q35	A	III.5	1	2
4r36B	4r36	B	III.1	1	1
4r37A	4r37	A	III.1	1	1
4r37B	4r37	B	III.1	1	1
4r58A	4r58	A	III.2	1	2
4r58B	4r58	B	III.2	1	2
4r58C	4r58	C	III.2	1	2
4r58D	4r58	D	III.2	1	2
4r5cA	4r5c	A	III.2	1	1
4r5dA	4r5d	A	III.2	1	2
4r6aA	4r6a	A	III.2	1	2
4r6aB	4r6a	B	III.2	1	2
4r6fA	4r6f	A	III.2	1	3
4r6gA	4r6g	A	III.2	1	3
4r6jA	4r6j	A	III.2	1	2
4r6jB	4r6j	B	III.2	1	2
4r6jC	4r6j	C	III.2	1	2
4r6jD	4r6j	D	III.2	1	2
4r6oA	4r6o	A	IV.10	1	1
4r7aB	4r7a	B	IV.4	1	1
4r7oF	4r7o	F	IV.1	1	1
4r7sA	4r7s	A	III.3	1	1
4r7uA	4r7u	A	IV.5	1	2
4r7uB	4r7u	B	IV.5	1	2
4r7uC	4r7u	C	IV.5	1	2
4r7uD	4r7u	D	IV.5	1	2
4r9xB	4r9x	B	IV.1	1	1
4rc1A	4rc1	A	IV.1	1	1
4rc1D	4rc1	D	IV.1	1	1
4rc1G	4rc1	G	IV.1	1	1
4rcaA	4rca	A	V.4	1	3
4rcaB	4rca	B	III.2	1	1
4rcwA	4rcw	A	III.2	1	1
4rcwB	4rcw	B	III.2	1	1
4rdtA	4rdt	A	IV.2	1	2
4rdtB	4rdt	B	IV.2	1	2
4re6D	4re6	D	IV.4	1	2
4rg7A	4rg7	A	III.3	1	1
4rg9A	4rg9	A	III.3	1	1
4rg9B	4rg9	B	III.3	1	1
4rhbA	4rhb	A	IV.2	1	1
4rhbC	4rhb	C	IV.2	1	1
4rl8C	4rl8	C	IV.2	1	1
4rl8D	4rl8	D	IV.2	1	1
4rlvA	4rlv	A	III.3	1	1
4rlyA	4rly	A	III.3	2	1
4rmxB	4rmx	B	III.1	1	2
4rmxC	4rmx	C	III.1	1	2
4rseB	4rse	B	IV.8	1	1
4rtdA	4rtd	A	IV.6	2	8
4ru4A	4ru4	A	III.1	1	3
4ru4B	4ru4	B	III.1	1	3
4ru4C	4ru4	C	III.1	1	3
4ru4D	4ru4	D	III.1	1	3
4ru4E	4ru4	E	III.1	1	3
4ru4F	4ru4	F	III.1	1	3
4ru5A	4ru5	A	III.1	1	3
4ru5B	4ru5	B	III.1	1	3
4ru5C	4ru5	C	III.1	1	3
4rusE	4rus	E	IV.4	1	1
4rv1A	4rv1	A	III.3	1	1
4rv1B	4rv1	B	III.3	1	1
4rv1C	4rv1	C	III.3	1	1
4rv1D	4rv1	D	III.3	1	1
4rv1E	4rv1	E	III.3	1	1
4rv1F	4rv1	F	III.3	1	1
4rvwA	4rvw	A	IV.2	1	2
4rxhB	4rxh	B	III.3	1	1
4tqkA	4tqk	A	IV.4	1	1
4tqkB	4tqk	B	IV.4	1	1
4tqoB	4tqo	B	IV.8	1	1
4tqoD	4tqo	D	IV.8	1	1
4tqoE	4tqo	E	IV.8	1	1
4tumA	4tum	A	III.3	1	1
4tumB	4tum	B	III.3	1	1
4tumC	4tum	C	III.3	1	1
4tumD	4tum	D	III.3	1	1
4tumE	4tum	E	III.3	1	1
4tz1A	4tz1	A	III.1	2	1
4tz5B	4tz5	B	III.1	2	1
4tzhA	4tzh	A	III.2	1	1
4tzhB	4tzh	B	III.2	1	1
4u06A	4u06	A	III.2	1	1
4u08A	4u08	A	III.2	1	1
4u08B	4u08	B	III.2	1	1
4u09A	4u09	A	III.2	1	1
4u09B	4u09	B	III.2	1	1
4u1eI	4u1e	I	IV.4	1	1
4u1fA	4u1f	A	IV.8	1	1
4u1fB	4u1f	B	IV.8	1	1
4u49A	4u49	A	III.1	1	2
4u49B	4u49	B	III.1	1	2
4u4bA	4u4b	A	III.1	1	2
4u4jA	4u4j	A	IV.6	2	12
4u54A	4u54	A	III.3	1	1
4u58A	4u58	A	III.3	1	1
4u5lA	4u5l	A	III.3	1	1
4u5nA	4u5n	A	III.3	1	1
4u5oA	4u5o	A	III.3	1	1
4u5sA	4u5s	A	III.3	1	1
4u5uA	4u5u	A	III.3	1	1
4u5vA	4u5v	A	III.3	1	1
4u7aA	4u7a	A	IV.4	1	1
4u7lA	4u7l	A	III.2	1	1
4u8vD	4u8v	D	III.3	1	1
4u8vE	4u8v	E	III.3	1	1
4u8yD	4u8y	D	III.3	1	1
4u8yE	4u8y	E	III.3	1	1
4u95D	4u95	D	III.3	1	1
4u95E	4u95	E	III.3	1	1
4u96D	4u96	D	III.3	1	1
4u96E	4u96	E	III.3	1	1
4u9pB	4u9p	B	IV.1	1	1
4uadA	4uad	A	III.3	1	1
4uaeA	4uae	A	III.3	1	1
4uafB	4uaf	B	III.3	1	1
4uerR	4uer	R	IV.4	1	1
4uf7B	4uf7	B	IV.4	1	1
4ufrA	4ufr	A	III.2	1	1
4ufrC	4ufr	C	III.2	1	1
4ufsA	4ufs	A	III.2	1	1
4ui9A	4ui9	A	III.3	2	5
4ui9C	4ui9	C	III.3	1	3
4ui9F	4ui9	F	III.3	1	1
4ui9R	4ui9	R	IV.4	1	1
4ui9X	4ui9	X	III.3	1	1
4uipB	4uip	B	III.2	1	2
4uouA	4uou	A	IV.8	1	1
4uouB	4uou	B	IV.8	1	1
4uouC	4uou	C	IV.8	1	1
4uouD	4uou	D	IV.8	1	1
4urrB	4urr	B	III.1	1	2
4utwD	4utw	D	IV.1	1	1
4uu4A	4uu4	A	III.5	1	1
4uucA	4uuc	A	III.3	1	1
4v0mH	4v0m	H	IV.4	1	1
4v0nH	4v0n	H	IV.4	1	1
4v0oH	4v0o	H	IV.4	1	1
4v3gA	4v3g	A	IV.2	1	1
4v3hA	4v3h	A	IV.2	1	1
4w9tA	4w9t	A	IV.1	1	1
4wacA	4wac	A	III.5	1	3
4wjsA	4wjs	A	IV.4	1	2
4wjuA	4wju	A	IV.4	1	2
4wjuB	4wju	B	IV.4	1	2
4wjvA	4wjv	A	IV.4	1	1
4wjvB	4wjv	B	IV.4	1	1
4wjvC	4wjv	C	IV.4	1	1
4wjvD	4wjv	D	IV.4	1	1
4wk0A	4wk0	A	IV.4	1	1
4wk4A	4wk4	A	IV.4	1	1
4wn4B	4wn4	B	III.3	1	1
4wndA	4wnd	A	III.3	1	1
4wneA	4wne	A	III.3	1	1
4wngA	4wng	A	III.3	1	1
4wogA	4wog	A	IV.10	1	1
4wogB	4wog	B	IV.10	1	1
4wogC	4wog	C	IV.10	1	1
4wogD	4wog	D	IV.10	1	1
4wrlA	4wrl	A	V.5	1	2
4wrlC	4wrl	C	V.5	1	2
4wrmA	4wrm	A	V.5	1	5
4wslA	4wsl	A	III.3	1	1
4wuiA	4wui	A	IV.1	1	1
4wv6A	4wv6	A	III.3	1	1
4wwpA	4wwp	A	III.3	1	4
4wxzA	4wxz	A	IV.1	1	1
4wzrA	4wzr	A	III.3	2	1
4wzrB	4wzr	B	III.3	2	1
4wzsC	4wzs	C	III.3	1	1
4wzwA	4wzw	A	III.3	2	1
4x33B	4x33	B	IV.8	1	1
4x36A	4x36	A	III.4	1	2
4x3eA	4x3e	A	IV.4	1	1
4x60B	4x60	B	IV.4	1	1
4x61B	4x61	B	IV.4	1	1
4x63B	4x63	B	IV.4	1	1
4x6lB	4x6l	B	III.5	1	3
4x6lD	4x6l	D	III.5	1	3
4x7mA	4x7m	A	III.5	1	3
4x7mB	4x7m	B	III.5	1	3
4x83A	4x83	A	V.5	1	4
4x83C	4x83	C	V.5	1	4
4x8qA	4x8q	A	III.3	1	1
4x9fB	4x9f	B	V.5	1	4
4xa9B	4xa9	B	III.2	1	1
4xa9C	4xa9	C	III.2	1	1
4xa9D	4xa9	D	III.2	1	1
4xa9E	4xa9	E	III.2	1	1
4xa9F	4xa9	F	III.2	1	1
4xa9G	4xa9	G	III.2	1	1
4xapA	4xap	A	IV.1	1	1
4xavC	4xav	C	IV.4	1	1
4xavD	4xav	D	IV.8	1	1
4xczA	4xcz	A	III.3	1	3
4xd0A	4xd0	A	III.3	1	3
4xeiC	4xei	C	IV.4	1	1
4xf2V	4xf2	V	IV.4	1	1
4xfvA	4xfv	A	IV.4	2	2
4xgoA	4xgo	A	III.2	1	1
4xgoB	4xgo	B	III.2	1	1
4xi0A	4xi0	A	III.3	1	1
4xi0B	4xi0	B	III.3	1	1
4xi0C	4xi0	C	III.3	1	1
4xi0D	4xi0	D	III.3	1	1
4xi0E	4xi0	E	III.3	1	1
4xi0F	4xi0	F	III.3	1	1
4xl5C	4xl5	C	III.3	1	2
4xleA	4xle	A	III.1	1	2
4xlfA	4xlf	A	III.1	1	2
4xlhA	4xlh	A	III.1	1	2
4xmbA	4xmb	A	IV.4	1	1
4xmmA	4xmm	A	IV.4	1	1
4xmmC	4xmm	C	IV.4	1	1
4xmnA	4xmn	A	IV.4	1	1
4xmyA	4xmy	A	III.1	1	2
4xn3A	4xn3	A	III.1	1	2
4xnfA	4xnf	A	III.1	1	2
4xnkA	4xnk	A	IV.2	1	1
4xogA	4xog	A	IV.4	1	2
4xotA	4xot	A	III.1	1	2
4xqfA	4xqf	A	III.1	1	2
4xqhA	4xqh	A	III.1	1	2
4xqiA	4xqi	A	III.1	1	2
4xr6A	4xr6	A	III.1	1	2
4xyhA	4xyh	A	IV.4	1	1
4xyiA	4xyi	A	IV.4	1	1
4xzrB	4xzr	B	III.3	1	1
4y61A	4y61	A	V.4	1	4
4y61B	4y61	B	III.2	1	1
4y6wA	4y6w	A	III.3	1	1
4y7eB	4y7e	B	IV.1	1	1
4y7rA	4y7r	A	IV.4	1	1
4ydwA	4ydw	A	III.3	1	1
4ydwB	4ydw	B	III.3	1	1
4ydyA	4ydy	A	III.3	1	1
4ydyB	4ydy	B	III.3	1	1
4yebA	4yeb	A	IV.4	1	1
4yebB	4yeb	B	III.2	1	1
4yguA	4ygu	A	III.1	1	1
4yguB	4ygu	B	III.1	1	1
4yguD	4ygu	D	III.1	1	1
4yh7A	4yh7	A	V.4	1	6
4yhcA	4yhc	A	IV.4	1	1
4yi0C	4yi0	C	III.3	1	1
4yvdA	4yvd	A	IV.4	1	1
4yw1A	4yw1	A	IV.4	1	2
4yw1B	4yw1	B	IV.4	1	2
4yw3A	4yw3	A	IV.4	1	2
4yxgA	4yxg	A	IV.1	1	1
4z05B	4z05	B	III.1	1	1
4z0cA	4z0c	A	III.2	1	2
4z0cD	4z0c	D	III.2	1	2
4z0sB	4z0s	B	IV.1	1	1
4z68A	4z68	A	III.3	1	1
4z79A	4z79	A	III.2	1	1
4z7oA	4z7o	A	IV.4	2	1
4z7qA	4z7q	A	IV.4	1	1
4z8lA	4z8l	A	IV.4	1	1
4z8lD	4z8l	D	IV.4	1	1
4zduA	4zdu	A	III.3	1	1
4zfuB	4zfu	B	IV.9	2	2
4zfwB	4zfw	B	IV.9	2	2
4zfyB	4zfy	B	IV.9	2	2
4zgcA	4zgc	A	IV.4	1	2
4zgrB	4zgr	B	IV.9	2	2
4zlrA	4zlr	A	IV.4	1	1
4zlrB	4zlr	B	IV.4	1	1
4zn4A	4zn4	A	IV.8	1	1
4zn4B	4zn4	B	IV.8	1	1
4zndA	4znd	A	IV.5	1	2
4zovA	4zov	A	IV.8	1	1
4zovB	4zov	B	IV.8	1	1
4zoxA	4zox	A	IV.8	1	1
4zoyA	4zoy	A	IV.8	1	1
4zozA	4zoz	A	IV.8	1	1
4zozB	4zoz	B	IV.8	1	1
5a2qg	5a2q	g	IV.4	1	1
5a31O	5a31	O	III.3	1	2
5a31P	5a31	P	III.3	1	3
5a42A	5a42	A	IV.6	2	12
5a5bP	5a5b	P	III.3	1	3
5a5bQ	5a5b	Q	III.3	1	3
5a5bZ	5a5b	Z	III.3	2	3
5a5tM	5a5t	M	III.3	1	3
5a5uI	5a5u	I	IV.4	1	1
5a6cA	5a6c	A	III.3	1	1
5a9q0	5a9q	0	IV.4	1	1
5a9q1	5a9q	1	III.3	2	3
5a9q2	5a9q	2	IV.4	1	1
5a9q6	5a9q	6	IV.4	1	1
5a9q7	5a9q	7	IV.4	1	1
5a9q9	5a9q	9	IV.4	1	1
5a9qF	5a9q	F	IV.4	1	1
5a9qG	5a9q	G	IV.4	1	1
5a9qI	5a9q	I	IV.4	1	1
5a9qK	5a9q	K	IV.4	1	1
5a9qO	5a9q	O	IV.4	1	1
5a9qP	5a9q	P	IV.4	1	1
5a9qR	5a9q	R	IV.4	1	1
5a9qT	5a9q	T	IV.4	1	1
5a9qX	5a9q	X	IV.4	1	1
5a9qY	5a9q	Y	IV.4	1	1
5ajaA	5aja	A	IV.4	1	1
5an9I	5an9	I	IV.7	1	1
5anbI	5anb	I	IV.7	1	1
5av7A	5av7	A	IV.10	1	1
5av7C	5av7	C	IV.10	1	1
5av7D	5av7	D	IV.10	1	1
5awbA	5awb	A	III.2	1	2
5awdA	5awd	A	III.2	1	2
5awgF	5awg	F	III.1	1	1
5b10O	5b10	O	III.5	1	1
5b11O	5b11	O	III.5	1	1
5b26A	5b26	A	III.3	1	1
5b26B	5b26	B	III.3	1	1
5b26C	5b26	C	III.3	1	1
5b26D	5b26	D	III.3	1	1
5b2aO	5b2a	O	III.5	1	1
5b2hA	5b2h	A	IV.9	2	2
5b56A	5b56	A	III.3	1	1
5b56B	5b56	B	III.3	1	1
5bn6F	5bn6	F	IV.10	1	1
5bq2A	5bq2	A	IV.5	1	2
5bq2B	5bq2	B	IV.5	2	2
5bq2C	5bq2	C	IV.5	2	2
5bq2D	5bq2	D	IV.5	2	2
5bvlA	5bvl	A	IV.1	1	1
5bymA	5bym	A	III.3	1	1
5byoA	5byo	A	IV.6	1	1
5byoB	5byo	B	IV.6	1	1
5bz1A	5bz1	A	III.3	1	1
5bzuA	5bzu	A	III.3	1	1
5bzvA	5bzv	A	III.3	1	1
5c9sB	5c9s	B	III.3	1	1
5ceaA	5cea	A	III.3	1	1
5ceaB	5cea	B	III.3	1	1
5ceaC	5cea	C	III.3	1	1
5ceaD	5cea	D	III.3	1	1
5ceaE	5cea	E	III.3	1	1
5cecB	5cec	B	III.3	1	1
5cedB	5ced	B	III.3	1	1
5cerB	5cer	B	III.3	1	1
5cerD	5cer	D	III.3	1	1
5cerF	5cer	F	III.3	1	1
5cerH	5cer	H	III.3	1	1
5cerJ	5cer	J	III.3	1	1
5cerL	5cer	L	III.3	1	1
5cgjA	5cgj	A	IV.4	1	1
5cmnA	5cmn	A	III.2	1	1
5cmnB	5cmn	B	III.2	1	1
5cmnC	5cmn	C	III.2	1	1
5cmnD	5cmn	D	III.2	1	1
5cmnF	5cmn	F	IV.4	1	1
5cmnG	5cmn	G	IV.4	1	1
5cmnH	5cmn	H	IV.4	1	1
5cmpA	5cmp	A	III.2	1	1
5cmpB	5cmp	B	III.2	1	1
5cmpC	5cmp	C	III.2	1	1
5cmpD	5cmp	D	III.2	1	1
5cttA	5ctt	A	III.3	1	1
5cxbB	5cxb	B	IV.4	1	1
5cxcB	5cxc	B	IV.4	1	1
5d0qH	5d0q	H	III.3	1	1
5d5dA	5d5d	A	IV.2	1	1
5d5kC	5d5k	C	III.3	1	1
5d66A	5d66	A	III.3	1	1
5d66B	5d66	B	III.3	1	1
5d9bA	5d9b	A	IV.8	1	1
5d9cA	5d9c	A	IV.8	1	1
5d9dA	5d9d	A	IV.8	1	1
5dn7A	5dn7	A	III.3	1	1
5duyE	5duy	E	IV.9	1	1
5e6qB	5e6q	B	III.3	1	1
5ealA	5eal	A	IV.4	1	1
5ealB	5eal	B	IV.4	1	1
5eamA	5eam	A	IV.4	1	1
5eamB	5eam	B	IV.4	1	1
5eapA	5eap	A	IV.4	1	1
5earA	5ear	A	IV.4	1	1
5earB	5ear	B	IV.4	1	1
5ec5B	5ec5	B	IV.3	1	2
5ec5E	5ec5	E	IV.3	1	2
5ec5G	5ec5	G	IV.3	1	2
5ec5J	5ec5	J	IV.3	1	2
5ec5L	5ec5	L	IV.3	1	2
5ec5M	5ec5	M	IV.3	1	2
5ec5N	5ec5	N	IV.3	1	2
5ec5O	5ec5	O	IV.3	1	2
5ec5P	5ec5	P	IV.3	1	2
5ec5R	5ec5	R	IV.3	1	2
5ec5S	5ec5	S	IV.3	1	2
5ekgA	5ekg	A	III.3	1	1
5ex7A	5ex7	A	IV.4	1	1
5f8wA	5f8w	A	IV.9	1	1
5f90B	5f90	B	IV.9	1	1
5flcD	5flc	D	IV.4	1	1
5flcH	5flc	H	IV.4	1	1
5flxg	5flx	g	IV.4	1	1
5hhgE	5hhg	E	III.3	1	1
5huyC	5huy	C	III.3	1	1
5hywA	5hyw	A	III.2	1	2
5i9gC	5i9g	C	III.3	1	2
5iv9A	5iv9	A	III.5	1	2
5klrB	5klr	B	III.3	1	1
5kltB	5klt	B	III.3	1	1
6prnA	6prn	A	IV.2	1	1
7prnA	7prn	A	IV.2	1	1
